capacity_snapshot_id,scenario_id,org_stage,role_id,period,role_capacity_id,project_demand_hours,training_demand_hours,golive_support_hours,demand_hours,effective_capacity_hours,capacity_gap_hours,load_ratio,load_ratio_state,active_project_count,active_simple_count,active_standard_count,active_complex_count,max_active_projects_per_role,concurrency_state,active_project_ids,load_trigger_state,coverage_trigger_state,trigger_state,active_trigger_ids,trigger_events,value_basis,source_version,config_digest,inputs_digest,calculation_version,calculated_at,standard_version,schema_version
CAP-000001,SCN-000001,startup,ROL-000001,2026-09,RCP-000001,11,0,0,11,96,-85,0.1146,defined,1,0,1,0,2,within_configured_maximum,PRJ-000001,not_triggered,not_triggered,not_triggered,,,forecast,r3-dc498db+universe-1.0.0,da46cd8e97420cc7017857c14f066d318beb3ff5eae3cf91f274bcfeb686370d,fd984fdb7cb0ecf72a20cbf93035f3d6f9224c349a4b920ccaf5536b240666f3,0.1.0,2026-10-06T12:00:00Z,1.0.0,0.1.0
CAP-000002,SCN-000001,startup,ROL-000001,2026-10,RCP-000002,11,0,0,11,96,-85,0.1146,defined,1,0,1,0,2,within_configured_maximum,PRJ-000001,not_triggered,not_triggered,not_triggered,,,forecast,r3-dc498db+universe-1.0.0,da46cd8e97420cc7017857c14f066d318beb3ff5eae3cf91f274bcfeb686370d,8ecfa9d9adbc47f32e9b3cbe3734b4ba7c3ae1bd1d2a8f1a3dbdbe2f272bced6,0.1.0,2026-10-06T12:00:00Z,1.0.0,0.1.0
CAP-000003,SCN-000001,startup,ROL-000001,2026-11,RCP-000003,72,0,0,72,96,-24,0.75,defined,1,0,1,0,2,within_configured_maximum,PRJ-000001,not_triggered,not_triggered,not_triggered,,,forecast,r3-dc498db+universe-1.0.0,da46cd8e97420cc7017857c14f066d318beb3ff5eae3cf91f274bcfeb686370d,10b6367ea403385d629564c219f9270209a02bdcf65b2c8031167e5211bcca5d,0.1.0,2026-10-06T12:00:00Z,1.0.0,0.1.0
CAP-000004,SCN-000001,startup,ROL-000001,2026-12,RCP-000004,43.2,0,20,63.2,80,-16.8,0.79,defined,1,0,1,0,2,within_configured_maximum,PRJ-000001,not_triggered,not_triggered,not_triggered,,,forecast,r3-dc498db+universe-1.0.0,da46cd8e97420cc7017857c14f066d318beb3ff5eae3cf91f274bcfeb686370d,3248c63b338198d721b6627dbcbd3e750008e53303014abe460b966f52e02a6b,0.1.0,2026-10-06T12:00:00Z,1.0.0,0.1.0
CAP-000005,SCN-000001,startup,ROL-000001,2027-01,RCP-000005,64.8,0,0,64.8,96,-31.2,0.675,defined,2,1,1,0,2,within_configured_maximum,PRJ-000001;PRJ-000101,not_triggered,not_triggered,not_triggered,,,forecast,r3-dc498db+universe-1.0.0,da46cd8e97420cc7017857c14f066d318beb3ff5eae3cf91f274bcfeb686370d,479c1c143b443dac274ff13b4f50d76cc67c4572f566965ad20946cfddbe80de,0.1.0,2026-10-06T12:00:00Z,1.0.0,0.1.0
CAP-000006,SCN-000001,startup,ROL-000001,2027-02,RCP-000006,48,0,0,48,96,-48,0.5,defined,1,1,0,0,2,within_configured_maximum,PRJ-000101,not_triggered,not_triggered,not_triggered,,,forecast,r3-dc498db+universe-1.0.0,da46cd8e97420cc7017857c14f066d318beb3ff5eae3cf91f274bcfeb686370d,ee9caa0ba7e55d5b4bb1d4a65944c7f7f0f9a0b45ce10dd84c4e6e1ae9545342,0.1.0,2026-10-06T12:00:00Z,1.0.0,0.1.0
CAP-000007,SCN-000001,startup,ROL-000001,2027-03,RCP-000007,36,0,0,36,96,-60,0.375,defined,1,1,0,0,2,within_configured_maximum,PRJ-000101,not_triggered,not_triggered,not_triggered,,,forecast,r3-dc498db+universe-1.0.0,da46cd8e97420cc7017857c14f066d318beb3ff5eae3cf91f274bcfeb686370d,8a78dbfc8c27323c717808234bad264b128efe00282671290ae0a33cc184f4d4,0.1.0,2026-10-06T12:00:00Z,1.0.0,0.1.0
CAP-000008,SCN-000001,startup,ROL-000001,2027-04,RCP-000008,0,0,0,0,96,-96,0,defined,0,0,0,0,2,within_configured_maximum,,not_triggered,not_triggered,not_triggered,,,forecast,r3-dc498db+universe-1.0.0,da46cd8e97420cc7017857c14f066d318beb3ff5eae3cf91f274bcfeb686370d,d734bcab11a5b56b8ba194efc75bcbf587aab3a47bf6fc4563057f9c7445ee0b,0.1.0,2026-10-06T12:00:00Z,1.0.0,0.1.0
CAP-000009,SCN-000001,startup,ROL-000001,2027-05,RCP-000009,0,0,0,0,96,-96,0,defined,0,0,0,0,2,within_configured_maximum,,not_triggered,not_triggered,not_triggered,,,forecast,r3-dc498db+universe-1.0.0,da46cd8e97420cc7017857c14f066d318beb3ff5eae3cf91f274bcfeb686370d,41195692652c876eed87927e8ebb4bbaebbbb103ae27c7b774880784be7a9650,0.1.0,2026-10-06T12:00:00Z,1.0.0,0.1.0
CAP-000010,SCN-000001,startup,ROL-000001,2027-06,RCP-000010,0,0,0,0,96,-96,0,defined,0,0,0,0,2,within_configured_maximum,,not_triggered,not_triggered,not_triggered,,,forecast,r3-dc498db+universe-1.0.0,da46cd8e97420cc7017857c14f066d318beb3ff5eae3cf91f274bcfeb686370d,0c18b427b0568b13f16f8116a3a00b1407623a599fd723eed7290b55ef325cf5,0.1.0,2026-10-06T12:00:00Z,1.0.0,0.1.0
CAP-000011,SCN-000001,startup,ROL-000004,2026-09,RCP-000011,0,0,0,0,24,-24,0,defined,0,0,0,0,2,within_configured_maximum,,not_triggered,not_triggered,not_triggered,,,forecast,r3-dc498db+universe-1.0.0,da46cd8e97420cc7017857c14f066d318beb3ff5eae3cf91f274bcfeb686370d,6b8647f994eac3f56722d335ede289b7185647caab2eaddcf444ff5d8355349f,0.1.0,2026-10-06T12:00:00Z,1.0.0,0.1.0
CAP-000012,SCN-000001,startup,ROL-000004,2026-10,RCP-000012,4,0,0,4,24,-20,0.1667,defined,1,0,1,0,2,within_configured_maximum,PRJ-000001,not_triggered,not_triggered,not_triggered,,,forecast,r3-dc498db+universe-1.0.0,da46cd8e97420cc7017857c14f066d318beb3ff5eae3cf91f274bcfeb686370d,9467c34b8aa1708c8c7d5937236fd667d2049e88e1d1f584549b57a065c33ac3,0.1.0,2026-10-06T12:00:00Z,1.0.0,0.1.0
CAP-000013,SCN-000001,startup,ROL-000004,2026-11,RCP-000013,96,0,0,96,24,72,4,defined,1,0,1,0,2,within_configured_maximum,PRJ-000001,watch,not_triggered,watch,,,forecast,r3-dc498db+universe-1.0.0,da46cd8e97420cc7017857c14f066d318beb3ff5eae3cf91f274bcfeb686370d,69ca41e4ca061a6dbde01b2013a490ad68ce7e1edfbbaeffa710938218f12398,0.1.0,2026-10-06T12:00:00Z,1.0.0,0.1.0
CAP-000014,SCN-000001,startup,ROL-000004,2026-12,RCP-000014,57.6,0,0,57.6,24,33.6,2.4,defined,1,0,1,0,2,within_configured_maximum,PRJ-000001,triggered,not_triggered,triggered,STG-000001,STG-000001:fired,forecast,r3-dc498db+universe-1.0.0,da46cd8e97420cc7017857c14f066d318beb3ff5eae3cf91f274bcfeb686370d,3c6c8db6305941eb902e3323edea9e03132187ea5c38588f016caef6607bb9ac,0.1.0,2026-10-06T12:00:00Z,1.0.0,0.1.0
CAP-000015,SCN-000001,startup,ROL-000004,2027-01,RCP-000015,68.4,0,0,68.4,24,44.4,2.85,defined,2,1,1,0,2,within_configured_maximum,PRJ-000001;PRJ-000101,triggered,not_triggered,triggered,STG-000001,,forecast,r3-dc498db+universe-1.0.0,da46cd8e97420cc7017857c14f066d318beb3ff5eae3cf91f274bcfeb686370d,d99175816addd7522bd4ff4b41bab8da8b672841204cbf43bdbb20b0fc71efdf,0.1.0,2026-10-06T12:00:00Z,1.0.0,0.1.0
CAP-000016,SCN-000001,startup,ROL-000004,2027-02,RCP-000016,40,0,0,40,24,16,1.6667,defined,1,1,0,0,2,within_configured_maximum,PRJ-000101,triggered,not_triggered,triggered,STG-000001,,forecast,r3-dc498db+universe-1.0.0,da46cd8e97420cc7017857c14f066d318beb3ff5eae3cf91f274bcfeb686370d,e7d336297ef3725ae12e4db077d38e81c7d10d4f34c454580f122fe75e0fc4c5,0.1.0,2026-10-06T12:00:00Z,1.0.0,0.1.0
CAP-000017,SCN-000001,startup,ROL-000004,2027-03,RCP-000017,30,0,0,30,24,6,1.25,defined,1,1,0,0,2,within_configured_maximum,PRJ-000101,triggered,not_triggered,triggered,STG-000001,,forecast,r3-dc498db+universe-1.0.0,da46cd8e97420cc7017857c14f066d318beb3ff5eae3cf91f274bcfeb686370d,1d79f2b16324fba3c548b3a95899afdb486172d93e2664c11b9d043efe9f8594,0.1.0,2026-10-06T12:00:00Z,1.0.0,0.1.0
CAP-000018,SCN-000001,startup,ROL-000004,2027-04,RCP-000018,0,0,0,0,24,-24,0,defined,0,0,0,0,2,within_configured_maximum,,clearing,not_triggered,clearing,STG-000001,,forecast,r3-dc498db+universe-1.0.0,da46cd8e97420cc7017857c14f066d318beb3ff5eae3cf91f274bcfeb686370d,36e90573e03ce9bc04c6880a350e84930867e090e69f011d384d693db539dc73,0.1.0,2026-10-06T12:00:00Z,1.0.0,0.1.0
CAP-000019,SCN-000001,startup,ROL-000004,2027-05,RCP-000019,0,0,0,0,24,-24,0,defined,0,0,0,0,2,within_configured_maximum,,not_triggered,not_triggered,not_triggered,,STG-000001:cleared,forecast,r3-dc498db+universe-1.0.0,da46cd8e97420cc7017857c14f066d318beb3ff5eae3cf91f274bcfeb686370d,017c803af3623a5589335f9ac1fb7e8a217bf2a5b2eb960b11a4e5c41a89e88f,0.1.0,2026-10-06T12:00:00Z,1.0.0,0.1.0
CAP-000020,SCN-000001,startup,ROL-000004,2027-06,RCP-000020,0,0,0,0,24,-24,0,defined,0,0,0,0,2,within_configured_maximum,,not_triggered,not_triggered,not_triggered,,,forecast,r3-dc498db+universe-1.0.0,da46cd8e97420cc7017857c14f066d318beb3ff5eae3cf91f274bcfeb686370d,13792582ed00578c0f7f725d2c07c12855376752d863f97b1268896e5a674dc3,0.1.0,2026-10-06T12:00:00Z,1.0.0,0.1.0
CAP-000021,SCN-000001,startup,ROL-000005,2026-09,RCP-000021,0,0,0,0,16,-16,0,defined,0,0,0,0,2,within_configured_maximum,,not_triggered,not_triggered,not_triggered,,,forecast,r3-dc498db+universe-1.0.0,da46cd8e97420cc7017857c14f066d318beb3ff5eae3cf91f274bcfeb686370d,568a9c2bc57649ad525afa8da50f08a70a426b6822e755fe9924d447a722dd85,0.1.0,2026-10-06T12:00:00Z,1.0.0,0.1.0
CAP-000022,SCN-000001,startup,ROL-000005,2026-10,RCP-000022,0,0,0,0,16,-16,0,defined,0,0,0,0,2,within_configured_maximum,,not_triggered,not_triggered,not_triggered,,,forecast,r3-dc498db+universe-1.0.0,da46cd8e97420cc7017857c14f066d318beb3ff5eae3cf91f274bcfeb686370d,88af87032d4d1a42b9018f45c8a7a89be12ce031005724e7eb2b912e688c57d4,0.1.0,2026-10-06T12:00:00Z,1.0.0,0.1.0
CAP-000023,SCN-000001,startup,ROL-000005,2026-11,RCP-000023,0,6,0,6,16,-10,0.375,defined,1,0,1,0,2,within_configured_maximum,PRJ-000001,not_triggered,not_triggered,not_triggered,,,forecast,r3-dc498db+universe-1.0.0,da46cd8e97420cc7017857c14f066d318beb3ff5eae3cf91f274bcfeb686370d,88eae25252d5f22bae30f5adeb5ad41a109a869f0d11e74fe33960a9383ca67a,0.1.0,2026-10-06T12:00:00Z,1.0.0,0.1.0
CAP-000024,SCN-000001,startup,ROL-000005,2026-12,RCP-000024,0,0,0,0,16,-16,0,defined,0,0,0,0,2,within_configured_maximum,,not_triggered,not_triggered,not_triggered,,,forecast,r3-dc498db+universe-1.0.0,da46cd8e97420cc7017857c14f066d318beb3ff5eae3cf91f274bcfeb686370d,cfefceca3fad74037d6a743eb8b2d63d25ef6756688ba7c164ebc3e3353eb102,0.1.0,2026-10-06T12:00:00Z,1.0.0,0.1.0
CAP-000025,SCN-000001,startup,ROL-000005,2027-01,RCP-000025,0,0,0,0,16,-16,0,defined,0,0,0,0,2,within_configured_maximum,,not_triggered,not_triggered,not_triggered,,,forecast,r3-dc498db+universe-1.0.0,da46cd8e97420cc7017857c14f066d318beb3ff5eae3cf91f274bcfeb686370d,18ca25c6b08f8584ccedea5cd3726af67c6191a61acfb6b248cf417941202f65,0.1.0,2026-10-06T12:00:00Z,1.0.0,0.1.0
CAP-000026,SCN-000001,startup,ROL-000005,2027-02,RCP-000026,0,0,0,0,16,-16,0,defined,0,0,0,0,2,within_configured_maximum,,not_triggered,not_triggered,not_triggered,,,forecast,r3-dc498db+universe-1.0.0,da46cd8e97420cc7017857c14f066d318beb3ff5eae3cf91f274bcfeb686370d,bed268372fae44f49c0681b1ea07a702d592d78fa2c873923fb0c47f8f73fabe,0.1.0,2026-10-06T12:00:00Z,1.0.0,0.1.0
CAP-000027,SCN-000001,startup,ROL-000005,2027-03,RCP-000027,0,0,0,0,16,-16,0,defined,0,0,0,0,2,within_configured_maximum,,not_triggered,not_triggered,not_triggered,,,forecast,r3-dc498db+universe-1.0.0,da46cd8e97420cc7017857c14f066d318beb3ff5eae3cf91f274bcfeb686370d,a13044d2ab84d45698315abd836ac97f5fbd95abb475e97eaba170d6b52ff5a1,0.1.0,2026-10-06T12:00:00Z,1.0.0,0.1.0
CAP-000028,SCN-000001,startup,ROL-000005,2027-04,RCP-000028,0,0,0,0,16,-16,0,defined,0,0,0,0,2,within_configured_maximum,,not_triggered,not_triggered,not_triggered,,,forecast,r3-dc498db+universe-1.0.0,da46cd8e97420cc7017857c14f066d318beb3ff5eae3cf91f274bcfeb686370d,1b3ff9ce157710658d63248e34f6f436a0c3cebc1ddac34c633a00b110c4822c,0.1.0,2026-10-06T12:00:00Z,1.0.0,0.1.0
CAP-000029,SCN-000001,startup,ROL-000005,2027-05,RCP-000029,0,0,0,0,16,-16,0,defined,0,0,0,0,2,within_configured_maximum,,not_triggered,not_triggered,not_triggered,,,forecast,r3-dc498db+universe-1.0.0,da46cd8e97420cc7017857c14f066d318beb3ff5eae3cf91f274bcfeb686370d,b65c2410b820a9cdc7012b5ee9ee8b61cc5e651f8194aa068d1073b74b1c6f9f,0.1.0,2026-10-06T12:00:00Z,1.0.0,0.1.0
CAP-000030,SCN-000001,startup,ROL-000005,2027-06,RCP-000030,0,0,0,0,16,-16,0,defined,0,0,0,0,2,within_configured_maximum,,not_triggered,not_triggered,not_triggered,,,forecast,r3-dc498db+universe-1.0.0,da46cd8e97420cc7017857c14f066d318beb3ff5eae3cf91f274bcfeb686370d,07a31327e9f686fe74ab92e0e7cee0c6ab43f818b88b3cdc99d1cf635e48d951,0.1.0,2026-10-06T12:00:00Z,1.0.0,0.1.0
CAP-000031,SCN-000001,startup,ROL-000006,2026-09,RCP-000031,0,0,0,0,8,-8,0,defined,0,0,0,0,2,within_configured_maximum,,not_triggered,not_triggered,not_triggered,,,forecast,r3-dc498db+universe-1.0.0,da46cd8e97420cc7017857c14f066d318beb3ff5eae3cf91f274bcfeb686370d,2ae8ab4bc2c7591e82b8a89c75e244a95f5a221f74a8459771079dd369f89963,0.1.0,2026-10-06T12:00:00Z,1.0.0,0.1.0
CAP-000032,SCN-000001,startup,ROL-000006,2026-10,RCP-000032,0,0,0,0,8,-8,0,defined,0,0,0,0,2,within_configured_maximum,,not_triggered,not_triggered,not_triggered,,,forecast,r3-dc498db+universe-1.0.0,da46cd8e97420cc7017857c14f066d318beb3ff5eae3cf91f274bcfeb686370d,f2dcf9fedad13b164b57456f8858cafa090936ed67b57e38ca85fc02ba78ca21,0.1.0,2026-10-06T12:00:00Z,1.0.0,0.1.0
CAP-000033,SCN-000001,startup,ROL-000006,2026-11,RCP-000033,0,0,0,0,8,-8,0,defined,0,0,0,0,2,within_configured_maximum,,not_triggered,not_triggered,not_triggered,,,forecast,r3-dc498db+universe-1.0.0,da46cd8e97420cc7017857c14f066d318beb3ff5eae3cf91f274bcfeb686370d,e2f934ed6336c3a09d6a853ec1efdb82f81eb129ce705babd58ee488f8f8345b,0.1.0,2026-10-06T12:00:00Z,1.0.0,0.1.0
CAP-000034,SCN-000001,startup,ROL-000006,2026-12,RCP-000034,0,0,0,0,8,-8,0,defined,0,0,0,0,2,within_configured_maximum,,not_triggered,not_triggered,not_triggered,,,forecast,r3-dc498db+universe-1.0.0,da46cd8e97420cc7017857c14f066d318beb3ff5eae3cf91f274bcfeb686370d,e6d6972059dfce004926e77959090b213985bef9933f8c2ba4ae77b092907e61,0.1.0,2026-10-06T12:00:00Z,1.0.0,0.1.0
CAP-000035,SCN-000001,startup,ROL-000006,2027-01,RCP-000035,0,0,0,0,8,-8,0,defined,0,0,0,0,2,within_configured_maximum,,not_triggered,not_triggered,not_triggered,,,forecast,r3-dc498db+universe-1.0.0,da46cd8e97420cc7017857c14f066d318beb3ff5eae3cf91f274bcfeb686370d,16666e4e80cdccecc22bde731f5b80bd82476d30f24b6d7aa2db341cad451d6f,0.1.0,2026-10-06T12:00:00Z,1.0.0,0.1.0
CAP-000036,SCN-000001,startup,ROL-000006,2027-02,RCP-000036,0,0,0,0,8,-8,0,defined,0,0,0,0,2,within_configured_maximum,,not_triggered,not_triggered,not_triggered,,,forecast,r3-dc498db+universe-1.0.0,da46cd8e97420cc7017857c14f066d318beb3ff5eae3cf91f274bcfeb686370d,826b500636f7d8627413bfb4c98895d1c5de236ba7aef6a0745bc05b49f35d58,0.1.0,2026-10-06T12:00:00Z,1.0.0,0.1.0
CAP-000037,SCN-000001,startup,ROL-000006,2027-03,RCP-000037,0,0,0,0,8,-8,0,defined,0,0,0,0,2,within_configured_maximum,,not_triggered,not_triggered,not_triggered,,,forecast,r3-dc498db+universe-1.0.0,da46cd8e97420cc7017857c14f066d318beb3ff5eae3cf91f274bcfeb686370d,990cba59dfbd283d86d9a2fc8808942e4a97a8c42673cde119882f82f79ad80f,0.1.0,2026-10-06T12:00:00Z,1.0.0,0.1.0
CAP-000038,SCN-000001,startup,ROL-000006,2027-04,RCP-000038,0,0,0,0,8,-8,0,defined,0,0,0,0,2,within_configured_maximum,,not_triggered,not_triggered,not_triggered,,,forecast,r3-dc498db+universe-1.0.0,da46cd8e97420cc7017857c14f066d318beb3ff5eae3cf91f274bcfeb686370d,f0f539e9c00b6aa5ff2dc8ad4467dc12ab170cfa0877e0744704c2345d4ec22d,0.1.0,2026-10-06T12:00:00Z,1.0.0,0.1.0
CAP-000039,SCN-000001,startup,ROL-000006,2027-05,RCP-000039,0,0,0,0,8,-8,0,defined,0,0,0,0,2,within_configured_maximum,,not_triggered,not_triggered,not_triggered,,,forecast,r3-dc498db+universe-1.0.0,da46cd8e97420cc7017857c14f066d318beb3ff5eae3cf91f274bcfeb686370d,df69c60de2f7089857164ba1a8aba5e58d431fb62e68b9e1573230920bab5441,0.1.0,2026-10-06T12:00:00Z,1.0.0,0.1.0
CAP-000040,SCN-000001,startup,ROL-000006,2027-06,RCP-000040,0,0,0,0,8,-8,0,defined,0,0,0,0,2,within_configured_maximum,,not_triggered,not_triggered,not_triggered,,,forecast,r3-dc498db+universe-1.0.0,da46cd8e97420cc7017857c14f066d318beb3ff5eae3cf91f274bcfeb686370d,88bb7841b708d0d767ec04a3aaf19f6045c072a612662b1738dd7eb43a64742a,0.1.0,2026-10-06T12:00:00Z,1.0.0,0.1.0
CAP-000041,SCN-000002,early_scale,ROL-000001,2026-09,RCP-000041,5,0,0,5,136,-131,0.0368,defined,1,0,1,0,3,within_configured_maximum,PRJ-000002,not_triggered,not_triggered,not_triggered,,,forecast,r3-dc498db+universe-1.0.0,da46cd8e97420cc7017857c14f066d318beb3ff5eae3cf91f274bcfeb686370d,bc6cecc2836d320b66ab237ff4aa5bb3f4973033dafc4fae6c8575876a443f20,0.1.0,2026-10-06T12:00:00Z,1.0.0,0.1.0
CAP-000042,SCN-000002,early_scale,ROL-000001,2026-10,RCP-000042,5,0,0,5,136,-131,0.0368,defined,1,0,1,0,3,within_configured_maximum,PRJ-000002,not_triggered,not_triggered,not_triggered,,,forecast,r3-dc498db+universe-1.0.0,da46cd8e97420cc7017857c14f066d318beb3ff5eae3cf91f274bcfeb686370d,4b43d2d5d2e1394135725afb03f36ab09541f21a1995845b3e46e9b0526343d9,0.1.0,2026-10-06T12:00:00Z,1.0.0,0.1.0
CAP-000043,SCN-000002,early_scale,ROL-000001,2026-11,RCP-000043,79.2,30,20,129.2,136,-6.8,0.95,defined,2,0,2,0,3,within_configured_maximum,PRJ-000002;PRJ-000102,not_triggered,not_triggered,not_triggered,,,forecast,r3-dc498db+universe-1.0.0,da46cd8e97420cc7017857c14f066d318beb3ff5eae3cf91f274bcfeb686370d,7280e3e20f213c78ace53d72535721761b120a4ffbc29d3da059287a098cb176,0.1.0,2026-10-06T12:00:00Z,1.0.0,0.1.0
CAP-000044,SCN-000002,early_scale,ROL-000001,2026-12,RCP-000044,140.4,0,10,150.4,136,14.4,1.1059,defined,3,0,2,1,3,within_configured_maximum,PRJ-000002;PRJ-000102;PRJ-000103,watch,not_triggered,watch,,,forecast,r3-dc498db+universe-1.0.0,da46cd8e97420cc7017857c14f066d318beb3ff5eae3cf91f274bcfeb686370d,2d5da4a522ece0180d22d1e9b06819daefed73f39e74af5dd2db88ee07c608c3,0.1.0,2026-10-06T12:00:00Z,1.0.0,0.1.0
CAP-000045,SCN-000002,early_scale,ROL-000001,2027-01,RCP-000045,124.2,0,0,124.2,136,-11.8,0.9132,defined,2,0,1,1,3,within_configured_maximum,PRJ-000102;PRJ-000103,not_triggered,not_triggered,not_triggered,,,forecast,r3-dc498db+universe-1.0.0,da46cd8e97420cc7017857c14f066d318beb3ff5eae3cf91f274bcfeb686370d,3c1449896fcd8ad4dddba32c30436a76eab3af327c8e20601ad8ee7bb00f9d23,0.1.0,2026-10-06T12:00:00Z,1.0.0,0.1.0
CAP-000046,SCN-000002,early_scale,ROL-000001,2027-02,RCP-000046,124.2,0,0,124.2,136,-11.8,0.9132,defined,2,0,1,1,3,within_configured_maximum,PRJ-000102;PRJ-000103,not_triggered,not_triggered,not_triggered,,,forecast,r3-dc498db+universe-1.0.0,da46cd8e97420cc7017857c14f066d318beb3ff5eae3cf91f274bcfeb686370d,3b231aba6e5f6edbe3040e436494122a71ee24eaaa19b2e7b1ea80d44c6c3275,0.1.0,2026-10-06T12:00:00Z,1.0.0,0.1.0
CAP-000047,SCN-000002,early_scale,ROL-000001,2027-03,RCP-000047,156,0,0,156,136,20,1.1471,defined,2,0,1,1,3,within_configured_maximum,PRJ-000102;PRJ-000103,watch,not_triggered,watch,,,forecast,r3-dc498db+universe-1.0.0,da46cd8e97420cc7017857c14f066d318beb3ff5eae3cf91f274bcfeb686370d,63d342878a13400c64b4267870c257bf971fd51f17639fc2a8396f3beb358d47,0.1.0,2026-10-06T12:00:00Z,1.0.0,0.1.0
CAP-000048,SCN-000002,early_scale,ROL-000001,2027-04,RCP-000048,127.2,0,0,127.2,136,-8.8,0.9353,defined,2,0,1,1,3,within_configured_maximum,PRJ-000102;PRJ-000103,not_triggered,not_triggered,not_triggered,,,forecast,r3-dc498db+universe-1.0.0,da46cd8e97420cc7017857c14f066d318beb3ff5eae3cf91f274bcfeb686370d,309a680be59a3439582116553b53b39643d04c2f23bf23c3a30fce17db5b4c4a,0.1.0,2026-10-06T12:00:00Z,1.0.0,0.1.0
CAP-000049,SCN-000002,early_scale,ROL-000001,2027-05,RCP-000049,112.8,0,0,112.8,136,-23.2,0.8294,defined,2,0,1,1,3,within_configured_maximum,PRJ-000102;PRJ-000103,not_triggered,not_triggered,not_triggered,,,forecast,r3-dc498db+universe-1.0.0,da46cd8e97420cc7017857c14f066d318beb3ff5eae3cf91f274bcfeb686370d,db1a6147cc9defc6d326bd1f3116a2e756da884e5bbc15667b535a6c2cab7e1f,0.1.0,2026-10-06T12:00:00Z,1.0.0,0.1.0
CAP-000050,SCN-000002,early_scale,ROL-000001,2027-06,RCP-000050,79.2,0,0,79.2,136,-56.8,0.5824,defined,1,0,0,1,3,within_configured_maximum,PRJ-000103,not_triggered,not_triggered,not_triggered,,,forecast,r3-dc498db+universe-1.0.0,da46cd8e97420cc7017857c14f066d318beb3ff5eae3cf91f274bcfeb686370d,edb06394363db6bf5ebe23ef149b3483a01c95bf7e9112636db6f6d851abf736,0.1.0,2026-10-06T12:00:00Z,1.0.0,0.1.0
CAP-000051,SCN-000002,early_scale,ROL-000004,2026-09,RCP-000051,22,0,0,22,144,-122,0.1528,defined,1,0,1,0,3,within_configured_maximum,PRJ-000002,not_triggered,not_triggered,not_triggered,,,forecast,r3-dc498db+universe-1.0.0,da46cd8e97420cc7017857c14f066d318beb3ff5eae3cf91f274bcfeb686370d,d41514968bafb010d5a7448d38659b96f0390e5d07e9dd593c102003ec4b3376,0.1.0,2026-10-06T12:00:00Z,1.0.0,0.1.0
CAP-000052,SCN-000002,early_scale,ROL-000004,2026-10,RCP-000052,30,0,0,30,144,-114,0.2083,defined,1,0,1,0,3,within_configured_maximum,PRJ-000002,not_triggered,not_triggered,not_triggered,,,forecast,r3-dc498db+universe-1.0.0,da46cd8e97420cc7017857c14f066d318beb3ff5eae3cf91f274bcfeb686370d,79c453f567a240392f3873aa4adb21a7b237f928319e01dc885718c37d825043,0.1.0,2026-10-06T12:00:00Z,1.0.0,0.1.0
CAP-000053,SCN-000002,early_scale,ROL-000004,2026-11,RCP-000053,105.6,0,24,129.6,130,-0.4,0.9969,defined,2,0,2,0,3,within_configured_maximum,PRJ-000002;PRJ-000102,not_triggered,not_triggered,not_triggered,,,forecast,r3-dc498db+universe-1.0.0,da46cd8e97420cc7017857c14f066d318beb3ff5eae3cf91f274bcfeb686370d,f0588d2721a70aa5c188b8bc971573f60586e7ae5c39cca9ff8a15347bc04c04,0.1.0,2026-10-06T12:00:00Z,1.0.0,0.1.0
CAP-000054,SCN-000002,early_scale,ROL-000004,2026-12,RCP-000054,206.4,0,0,206.4,192,14.4,1.075,defined,3,0,2,1,3,within_configured_maximum,PRJ-000002;PRJ-000102;PRJ-000103,not_triggered,not_triggered,not_triggered,,,forecast,r3-dc498db+universe-1.0.0,da46cd8e97420cc7017857c14f066d318beb3ff5eae3cf91f274bcfeb686370d,428db13be5fa7071a44c72b544fa71d16009dc282efca2c70b1360831e0c1508,0.1.0,2026-10-06T12:00:00Z,1.0.0,0.1.0
CAP-000055,SCN-000002,early_scale,ROL-000004,2027-01,RCP-000055,186,0,0,186,244,-58,0.7623,defined,2,0,1,1,3,within_configured_maximum,PRJ-000102;PRJ-000103,not_triggered,not_triggered,not_triggered,,,forecast,r3-dc498db+universe-1.0.0,da46cd8e97420cc7017857c14f066d318beb3ff5eae3cf91f274bcfeb686370d,d29f4472d8396817816588e8098579cd56f023ed8ff39429924b141f901bdc67,0.1.0,2026-10-06T12:00:00Z,1.0.0,0.1.0
CAP-000056,SCN-000002,early_scale,ROL-000004,2027-02,RCP-000056,186,0,0,186,296,-110,0.6284,defined,2,0,1,1,3,within_configured_maximum,PRJ-000102;PRJ-000103,not_triggered,not_triggered,not_triggered,,,forecast,r3-dc498db+universe-1.0.0,da46cd8e97420cc7017857c14f066d318beb3ff5eae3cf91f274bcfeb686370d,17041bc0d08cc50b67623a3160957584db5831664ed0b14d08db2f14a86a1d4b,0.1.0,2026-10-06T12:00:00Z,1.0.0,0.1.0
CAP-000057,SCN-000002,early_scale,ROL-000004,2027-03,RCP-000057,236,0,0,236,296,-60,0.7973,defined,2,0,1,1,3,within_configured_maximum,PRJ-000102;PRJ-000103,not_triggered,not_triggered,not_triggered,,,forecast,r3-dc498db+universe-1.0.0,da46cd8e97420cc7017857c14f066d318beb3ff5eae3cf91f274bcfeb686370d,bd31de6e4654945d5a43f919d414ed43204f91847926dd1ec653a2fb37f511aa,0.1.0,2026-10-06T12:00:00Z,1.0.0,0.1.0
CAP-000058,SCN-000002,early_scale,ROL-000004,2027-04,RCP-000058,197.6,0,0,197.6,296,-98.4,0.6676,defined,2,0,1,1,3,within_configured_maximum,PRJ-000102;PRJ-000103,not_triggered,not_triggered,not_triggered,,,forecast,r3-dc498db+universe-1.0.0,da46cd8e97420cc7017857c14f066d318beb3ff5eae3cf91f274bcfeb686370d,61a1f0084d313832459006777d94adbac40dd304df9dc5eebf38bec9c26b9407,0.1.0,2026-10-06T12:00:00Z,1.0.0,0.1.0
CAP-000059,SCN-000002,early_scale,ROL-000004,2027-05,RCP-000059,178.4,0,0,178.4,296,-117.6,0.6027,defined,2,0,1,1,3,within_configured_maximum,PRJ-000102;PRJ-000103,not_triggered,not_triggered,not_triggered,,,forecast,r3-dc498db+universe-1.0.0,da46cd8e97420cc7017857c14f066d318beb3ff5eae3cf91f274bcfeb686370d,f05c6092ef6263514079e297dd9bfaded3b855f8ed02b20e5b8295efdebc0ae7,0.1.0,2026-10-06T12:00:00Z,1.0.0,0.1.0
CAP-000060,SCN-000002,early_scale,ROL-000004,2027-06,RCP-000060,132,0,0,132,296,-164,0.4459,defined,1,0,0,1,3,within_configured_maximum,PRJ-000103,not_triggered,not_triggered,not_triggered,,,forecast,r3-dc498db+universe-1.0.0,da46cd8e97420cc7017857c14f066d318beb3ff5eae3cf91f274bcfeb686370d,2b0134c19ca8b2ab4021fe31e728b067185c3992434f145eb8ed107b9ba59d15,0.1.0,2026-10-06T12:00:00Z,1.0.0,0.1.0
CAP-000061,SCN-000003,structured_growth,ROL-000001,2026-09,RCP-000061,10,0,0,10,128,-118,0.0781,defined,1,0,1,0,4,within_configured_maximum,PRJ-000003,not_triggered,not_triggered,not_triggered,,,forecast,r3-dc498db+universe-1.0.0,da46cd8e97420cc7017857c14f066d318beb3ff5eae3cf91f274bcfeb686370d,1f6324aafa0a59976fefbe284e82aeafbbd03e4407d789c50e602be1652027ed,0.1.0,2026-10-06T12:00:00Z,1.0.0,0.1.0
CAP-000062,SCN-000003,structured_growth,ROL-000001,2026-10,RCP-000062,6,0,26,32,128,-96,0.25,defined,1,0,1,0,4,within_configured_maximum,PRJ-000003,not_triggered,not_triggered,not_triggered,,,forecast,r3-dc498db+universe-1.0.0,da46cd8e97420cc7017857c14f066d318beb3ff5eae3cf91f274bcfeb686370d,af3362819e979de780e944ec7549181511fb60b0d809aa96608285630da69895,0.1.0,2026-10-06T12:00:00Z,1.0.0,0.1.0
CAP-000063,SCN-000003,structured_growth,ROL-000001,2026-11,RCP-000063,28.8,0,0,28.8,128,-99.2,0.225,defined,1,0,1,0,4,within_configured_maximum,PRJ-000003,not_triggered,not_triggered,not_triggered,,,forecast,r3-dc498db+universe-1.0.0,da46cd8e97420cc7017857c14f066d318beb3ff5eae3cf91f274bcfeb686370d,fbbf56f864ac1efbc57df47d1f741354c6fdd16560e9d41b47a178a18240ce1b,0.1.0,2026-10-06T12:00:00Z,1.0.0,0.1.0
CAP-000064,SCN-000003,structured_growth,ROL-000001,2026-12,RCP-000064,36,0,0,36,128,-92,0.2813,defined,1,0,1,0,4,within_configured_maximum,PRJ-000104,not_triggered,not_triggered,not_triggered,,,forecast,r3-dc498db+universe-1.0.0,da46cd8e97420cc7017857c14f066d318beb3ff5eae3cf91f274bcfeb686370d,6e9a5353671d8be79572761c9d86f8a3fc4cd4b4b486060f5f8cf40f6c70119f,0.1.0,2026-10-06T12:00:00Z,1.0.0,0.1.0
CAP-000065,SCN-000003,structured_growth,ROL-000001,2027-01,RCP-000065,111.6,0,0,111.6,128,-16.4,0.8719,defined,2,0,1,1,4,within_configured_maximum,PRJ-000104;PRJ-000105,not_triggered,not_triggered,not_triggered,,,forecast,r3-dc498db+universe-1.0.0,da46cd8e97420cc7017857c14f066d318beb3ff5eae3cf91f274bcfeb686370d,4435db0c48d731e7072a20a88745a077f5ec04a0dfe485f1e26a0df1a9309341,0.1.0,2026-10-06T12:00:00Z,1.0.0,0.1.0
CAP-000066,SCN-000003,structured_growth,ROL-000001,2027-02,RCP-000066,124.2,0,0,124.2,128,-3.8,0.9703,defined,2,0,1,1,4,within_configured_maximum,PRJ-000104;PRJ-000105,not_triggered,not_triggered,not_triggered,,,forecast,r3-dc498db+universe-1.0.0,da46cd8e97420cc7017857c14f066d318beb3ff5eae3cf91f274bcfeb686370d,850647f4ef9708e4eac2e8f080e8e994cfec0bd82360823512151872a87880db,0.1.0,2026-10-06T12:00:00Z,1.0.0,0.1.0
CAP-000067,SCN-000003,structured_growth,ROL-000001,2027-03,RCP-000067,124.2,0,0,124.2,128,-3.8,0.9703,defined,2,0,1,1,4,within_configured_maximum,PRJ-000104;PRJ-000105,not_triggered,not_triggered,not_triggered,,,forecast,r3-dc498db+universe-1.0.0,da46cd8e97420cc7017857c14f066d318beb3ff5eae3cf91f274bcfeb686370d,76fdff6c0c302dd3da47e095dabccbf72fb46ca56506ef60264b59d6dd6e5dc1,0.1.0,2026-10-06T12:00:00Z,1.0.0,0.1.0
CAP-000068,SCN-000003,structured_growth,ROL-000001,2027-04,RCP-000068,156,0,0,156,128,28,1.2188,defined,2,0,1,1,4,within_configured_maximum,PRJ-000104;PRJ-000105,watch,not_triggered,watch,,,forecast,r3-dc498db+universe-1.0.0,da46cd8e97420cc7017857c14f066d318beb3ff5eae3cf91f274bcfeb686370d,11a51d7bbaf57be0bdeb8db31f29b385e5d24488a23dfc060e2026f021c678fb,0.1.0,2026-10-06T12:00:00Z,1.0.0,0.1.0
CAP-000069,SCN-000003,structured_growth,ROL-000001,2027-05,RCP-000069,127.2,0,0,127.2,128,-0.8,0.9938,defined,2,0,1,1,4,within_configured_maximum,PRJ-000104;PRJ-000105,not_triggered,not_triggered,not_triggered,,,forecast,r3-dc498db+universe-1.0.0,da46cd8e97420cc7017857c14f066d318beb3ff5eae3cf91f274bcfeb686370d,af7219c859e080867693dce2f0dac2e651fcce63088a76136cf15ebf1e8f4d20,0.1.0,2026-10-06T12:00:00Z,1.0.0,0.1.0
CAP-000070,SCN-000003,structured_growth,ROL-000001,2027-06,RCP-000070,112.8,0,0,112.8,128,-15.2,0.8813,defined,2,0,1,1,4,within_configured_maximum,PRJ-000104;PRJ-000105,not_triggered,not_triggered,not_triggered,,,forecast,r3-dc498db+universe-1.0.0,da46cd8e97420cc7017857c14f066d318beb3ff5eae3cf91f274bcfeb686370d,e758c3d69117f9bc01fa6c52a3d7ea2fe6bfc69f194ee4ed0c06f5f70800eb23,0.1.0,2026-10-06T12:00:00Z,1.0.0,0.1.0
CAP-000071,SCN-000003,structured_growth,ROL-000004,2026-09,RCP-000071,0,0,0,0,144,-144,0,defined,0,0,0,0,4,within_configured_maximum,,not_triggered,not_triggered,not_triggered,,,forecast,r3-dc498db+universe-1.0.0,da46cd8e97420cc7017857c14f066d318beb3ff5eae3cf91f274bcfeb686370d,469c13487a62f582a5871930365aa6eb05939b7fb2f8b7e6021fd0ef78862a39,0.1.0,2026-10-06T12:00:00Z,1.0.0,0.1.0
CAP-000072,SCN-000003,structured_growth,ROL-000004,2026-10,RCP-000072,8,0,18,26,144,-118,0.1806,defined,1,0,1,0,4,within_configured_maximum,PRJ-000003,not_triggered,not_triggered,not_triggered,,,forecast,r3-dc498db+universe-1.0.0,da46cd8e97420cc7017857c14f066d318beb3ff5eae3cf91f274bcfeb686370d,846ca4c497afc459b300369989ad024bb6d5d567294a3b617f1ca560d04cc5a2,0.1.0,2026-10-06T12:00:00Z,1.0.0,0.1.0
CAP-000073,SCN-000003,structured_growth,ROL-000004,2026-11,RCP-000073,38.4,0,0,38.4,144,-105.6,0.2667,defined,1,0,1,0,4,within_configured_maximum,PRJ-000003,not_triggered,not_triggered,not_triggered,,,forecast,r3-dc498db+universe-1.0.0,da46cd8e97420cc7017857c14f066d318beb3ff5eae3cf91f274bcfeb686370d,c71f2a61e21806a698fcce99511c4b8bece27c8d31cfab51402839e8a622d818,0.1.0,2026-10-06T12:00:00Z,1.0.0,0.1.0
CAP-000074,SCN-000003,structured_growth,ROL-000004,2026-12,RCP-000074,48,0,0,48,144,-96,0.3333,defined,1,0,1,0,4,within_configured_maximum,PRJ-000104,not_triggered,not_triggered,not_triggered,,,forecast,r3-dc498db+universe-1.0.0,da46cd8e97420cc7017857c14f066d318beb3ff5eae3cf91f274bcfeb686370d,6c51cc49187e26e8af6600233c52509d41124ddcda48c03b8fcf5402aa773651,0.1.0,2026-10-06T12:00:00Z,1.0.0,0.1.0
CAP-000075,SCN-000003,structured_growth,ROL-000004,2027-01,RCP-000075,168,0,0,168,144,24,1.1667,defined,2,0,1,1,4,within_configured_maximum,PRJ-000104;PRJ-000105,watch,not_triggered,watch,,,forecast,r3-dc498db+universe-1.0.0,da46cd8e97420cc7017857c14f066d318beb3ff5eae3cf91f274bcfeb686370d,d2c28aa879a3ca5f1387a12c6f7a010f7bb68e2830cd6c345dd3aec1df50f20c,0.1.0,2026-10-06T12:00:00Z,1.0.0,0.1.0
CAP-000076,SCN-000003,structured_growth,ROL-000004,2027-02,RCP-000076,186,0,0,186,144,42,1.2917,defined,2,0,1,1,4,within_configured_maximum,PRJ-000104;PRJ-000105,triggered,not_triggered,triggered,STG-000001,STG-000001:fired,forecast,r3-dc498db+universe-1.0.0,da46cd8e97420cc7017857c14f066d318beb3ff5eae3cf91f274bcfeb686370d,be2d7513721656dec41f0a40c56ff573f7222b479171c39c397583d18528df58,0.1.0,2026-10-06T12:00:00Z,1.0.0,0.1.0
CAP-000077,SCN-000003,structured_growth,ROL-000004,2027-03,RCP-000077,186,0,0,186,144,42,1.2917,defined,2,0,1,1,4,within_configured_maximum,PRJ-000104;PRJ-000105,triggered,not_triggered,triggered,STG-000001,,forecast,r3-dc498db+universe-1.0.0,da46cd8e97420cc7017857c14f066d318beb3ff5eae3cf91f274bcfeb686370d,1af10f277d4709e9ff6e519da17fd1c68fc6455f0d92533368064b8499333033,0.1.0,2026-10-06T12:00:00Z,1.0.0,0.1.0
CAP-000078,SCN-000003,structured_growth,ROL-000004,2027-04,RCP-000078,236,0,0,236,144,92,1.6389,defined,2,0,1,1,4,within_configured_maximum,PRJ-000104;PRJ-000105,triggered,not_triggered,triggered,STG-000001,,forecast,r3-dc498db+universe-1.0.0,da46cd8e97420cc7017857c14f066d318beb3ff5eae3cf91f274bcfeb686370d,c037394ade4402896fcd45da0e0bb146272220b1c31dd034f159dff96b9d304e,0.1.0,2026-10-06T12:00:00Z,1.0.0,0.1.0
CAP-000079,SCN-000003,structured_growth,ROL-000004,2027-05,RCP-000079,197.6,0,0,197.6,144,53.6,1.3722,defined,2,0,1,1,4,within_configured_maximum,PRJ-000104;PRJ-000105,triggered,not_triggered,triggered,STG-000001,,forecast,r3-dc498db+universe-1.0.0,da46cd8e97420cc7017857c14f066d318beb3ff5eae3cf91f274bcfeb686370d,464433a1c97c21f36ec4598abf58e640285b98194dc5f84e3bbd6c8397d20228,0.1.0,2026-10-06T12:00:00Z,1.0.0,0.1.0
CAP-000080,SCN-000003,structured_growth,ROL-000004,2027-06,RCP-000080,178.4,0,0,178.4,144,34.4,1.2389,defined,2,0,1,1,4,within_configured_maximum,PRJ-000104;PRJ-000105,triggered,not_triggered,triggered,STG-000001,,forecast,r3-dc498db+universe-1.0.0,da46cd8e97420cc7017857c14f066d318beb3ff5eae3cf91f274bcfeb686370d,95913014c8495ff815f1cfed4ec54d0e2f2bbac5442ffdaa32f56b24785f4539,0.1.0,2026-10-06T12:00:00Z,1.0.0,0.1.0
CAP-000081,SCN-000003,structured_growth,ROL-000005,2026-09,RCP-000081,20,0,0,20,136,-116,0.1471,defined,1,0,1,0,4,within_configured_maximum,PRJ-000003,not_triggered,not_triggered,not_triggered,,,forecast,r3-dc498db+universe-1.0.0,da46cd8e97420cc7017857c14f066d318beb3ff5eae3cf91f274bcfeb686370d,e49940efacf7a3e06bc867ce3c08f7077a1ffc427662f214c55724c011d96116,0.1.0,2026-10-06T12:00:00Z,1.0.0,0.1.0
CAP-000082,SCN-000003,structured_growth,ROL-000005,2026-10,RCP-000082,3,0,0,3,136,-133,0.0221,defined,1,0,1,0,4,within_configured_maximum,PRJ-000003,not_triggered,not_triggered,not_triggered,,,forecast,r3-dc498db+universe-1.0.0,da46cd8e97420cc7017857c14f066d318beb3ff5eae3cf91f274bcfeb686370d,93e80173bfdd64067be4ed2325a02c1556a7c60af84c1b0e535c83e255efd2d2,0.1.0,2026-10-06T12:00:00Z,1.0.0,0.1.0
CAP-000083,SCN-000003,structured_growth,ROL-000005,2026-11,RCP-000083,0,4.5,0,4.5,136,-131.5,0.0331,defined,1,0,1,0,4,within_configured_maximum,PRJ-000003,not_triggered,not_triggered,not_triggered,,,forecast,r3-dc498db+universe-1.0.0,da46cd8e97420cc7017857c14f066d318beb3ff5eae3cf91f274bcfeb686370d,0caa5f0ccff8bb6da9c91c1d55937996be4d8fc666c2fe16f23fe6a67db22473,0.1.0,2026-10-06T12:00:00Z,1.0.0,0.1.0
CAP-000084,SCN-000003,structured_growth,ROL-000005,2026-12,RCP-000084,0,0,0,0,136,-136,0,defined,0,0,0,0,4,within_configured_maximum,,not_triggered,not_triggered,not_triggered,,,forecast,r3-dc498db+universe-1.0.0,da46cd8e97420cc7017857c14f066d318beb3ff5eae3cf91f274bcfeb686370d,702a42b70207a82ff236198d4b4f11897f096b927e3da5013e46fd1adcaffd49,0.1.0,2026-10-06T12:00:00Z,1.0.0,0.1.0
CAP-000085,SCN-000003,structured_growth,ROL-000005,2027-01,RCP-000085,0,0,0,0,136,-136,0,defined,0,0,0,0,4,within_configured_maximum,,not_triggered,not_triggered,not_triggered,,,forecast,r3-dc498db+universe-1.0.0,da46cd8e97420cc7017857c14f066d318beb3ff5eae3cf91f274bcfeb686370d,80887127ada7f7a168213e164c9314006f0959aa911324e12cf62304a6b46002,0.1.0,2026-10-06T12:00:00Z,1.0.0,0.1.0
CAP-000086,SCN-000003,structured_growth,ROL-000005,2027-02,RCP-000086,0,40,0,40,136,-96,0.2941,defined,1,0,1,0,4,within_configured_maximum,PRJ-000104,not_triggered,not_triggered,not_triggered,,,forecast,r3-dc498db+universe-1.0.0,da46cd8e97420cc7017857c14f066d318beb3ff5eae3cf91f274bcfeb686370d,abe3654cb3e28297e292fdf47a123f31942cbb521e27535dfa1c9ded42864589,0.1.0,2026-10-06T12:00:00Z,1.0.0,0.1.0
CAP-000087,SCN-000003,structured_growth,ROL-000005,2027-03,RCP-000087,0,0,0,0,136,-136,0,defined,0,0,0,0,4,within_configured_maximum,,not_triggered,not_triggered,not_triggered,,,forecast,r3-dc498db+universe-1.0.0,da46cd8e97420cc7017857c14f066d318beb3ff5eae3cf91f274bcfeb686370d,52cc81f62fefebe060d431134c28bfb1f6ace2266e8b3c90cd62b8416daea471,0.1.0,2026-10-06T12:00:00Z,1.0.0,0.1.0
CAP-000088,SCN-000003,structured_growth,ROL-000005,2027-04,RCP-000088,0,0,0,0,136,-136,0,defined,0,0,0,0,4,within_configured_maximum,,not_triggered,not_triggered,not_triggered,,,forecast,r3-dc498db+universe-1.0.0,da46cd8e97420cc7017857c14f066d318beb3ff5eae3cf91f274bcfeb686370d,fe25b6ee8664ab641221a9a38e30d3f2d787c213a6d9e1a3f18d2a5740e01007,0.1.0,2026-10-06T12:00:00Z,1.0.0,0.1.0
CAP-000089,SCN-000003,structured_growth,ROL-000005,2027-05,RCP-000089,0,0,0,0,136,-136,0,defined,0,0,0,0,4,within_configured_maximum,,not_triggered,not_triggered,not_triggered,,,forecast,r3-dc498db+universe-1.0.0,da46cd8e97420cc7017857c14f066d318beb3ff5eae3cf91f274bcfeb686370d,9a56e1859f529a2978c139a1ae83e64e778c472b984bae7980c3d4bf0f4384c2,0.1.0,2026-10-06T12:00:00Z,1.0.0,0.1.0
CAP-000090,SCN-000003,structured_growth,ROL-000005,2027-06,RCP-000090,0,0,0,0,136,-136,0,defined,0,0,0,0,4,within_configured_maximum,,not_triggered,not_triggered,not_triggered,,,forecast,r3-dc498db+universe-1.0.0,da46cd8e97420cc7017857c14f066d318beb3ff5eae3cf91f274bcfeb686370d,f3813bf51352a762aeda755d23d7f584aa613a4faafcae34774ac08df84de9ae,0.1.0,2026-10-06T12:00:00Z,1.0.0,0.1.0
CAP-000091,SCN-000003,structured_growth,ROL-000006,2026-09,RCP-000091,6,0,0,6,120,-114,0.05,defined,1,0,1,0,4,within_configured_maximum,PRJ-000003,not_triggered,not_triggered,not_triggered,,,forecast,r3-dc498db+universe-1.0.0,da46cd8e97420cc7017857c14f066d318beb3ff5eae3cf91f274bcfeb686370d,9ea59108339771b878b83201c41877db784db1122b6e85235faa518fccd04422,0.1.0,2026-10-06T12:00:00Z,1.0.0,0.1.0
CAP-000092,SCN-000003,structured_growth,ROL-000006,2026-10,RCP-000092,3,0,24,27,120,-93,0.225,defined,1,0,1,0,4,within_configured_maximum,PRJ-000003,not_triggered,not_triggered,not_triggered,,,forecast,r3-dc498db+universe-1.0.0,da46cd8e97420cc7017857c14f066d318beb3ff5eae3cf91f274bcfeb686370d,a1d0290b773e5ba5fd133ca47fe2ac88bae6e03f6c8ab440370e45e6b37feaf7,0.1.0,2026-10-06T12:00:00Z,1.0.0,0.1.0
CAP-000093,SCN-000003,structured_growth,ROL-000006,2026-11,RCP-000093,0,0,20,20,120,-100,0.1667,defined,1,0,1,0,4,within_configured_maximum,PRJ-000003,not_triggered,not_triggered,not_triggered,,,forecast,r3-dc498db+universe-1.0.0,da46cd8e97420cc7017857c14f066d318beb3ff5eae3cf91f274bcfeb686370d,4b8d46e8741d2cc4b276b635f335603ca36b21ddd5de7c1bf492989fa90114ec,0.1.0,2026-10-06T12:00:00Z,1.0.0,0.1.0
CAP-000094,SCN-000003,structured_growth,ROL-000006,2026-12,RCP-000094,0,0,0,0,120,-120,0,defined,0,0,0,0,4,within_configured_maximum,,not_triggered,not_triggered,not_triggered,,,forecast,r3-dc498db+universe-1.0.0,da46cd8e97420cc7017857c14f066d318beb3ff5eae3cf91f274bcfeb686370d,db69522e467f145aaae1c029bb5949dffd2d522f6892b578318332a05fdaaad0,0.1.0,2026-10-06T12:00:00Z,1.0.0,0.1.0
CAP-000095,SCN-000003,structured_growth,ROL-000006,2027-01,RCP-000095,0,0,0,0,120,-120,0,defined,0,0,0,0,4,within_configured_maximum,,not_triggered,not_triggered,not_triggered,,,forecast,r3-dc498db+universe-1.0.0,da46cd8e97420cc7017857c14f066d318beb3ff5eae3cf91f274bcfeb686370d,723f864941cff5f1a608481a74c93656e4f6ead3a64c184899ee24c0cb6c66ed,0.1.0,2026-10-06T12:00:00Z,1.0.0,0.1.0
CAP-000096,SCN-000003,structured_growth,ROL-000006,2027-02,RCP-000096,0,0,0,0,120,-120,0,defined,0,0,0,0,4,within_configured_maximum,,not_triggered,not_triggered,not_triggered,,,forecast,r3-dc498db+universe-1.0.0,da46cd8e97420cc7017857c14f066d318beb3ff5eae3cf91f274bcfeb686370d,2d13fe98a47852b1dfce8c2e4d8b987d746b9167845c4de585e414d37319d16a,0.1.0,2026-10-06T12:00:00Z,1.0.0,0.1.0
CAP-000097,SCN-000003,structured_growth,ROL-000006,2027-03,RCP-000097,0,0,0,0,120,-120,0,defined,0,0,0,0,4,within_configured_maximum,,not_triggered,not_triggered,not_triggered,,,forecast,r3-dc498db+universe-1.0.0,da46cd8e97420cc7017857c14f066d318beb3ff5eae3cf91f274bcfeb686370d,1a136e2f444660f29ead8020059f21f840f3483fab1e948d72e89b4182ee97e4,0.1.0,2026-10-06T12:00:00Z,1.0.0,0.1.0
CAP-000098,SCN-000003,structured_growth,ROL-000006,2027-04,RCP-000098,0,0,0,0,120,-120,0,defined,0,0,0,0,4,within_configured_maximum,,not_triggered,not_triggered,not_triggered,,,forecast,r3-dc498db+universe-1.0.0,da46cd8e97420cc7017857c14f066d318beb3ff5eae3cf91f274bcfeb686370d,ec00ef3ca270641aa3153f278676d72f8e063ff2cd6aa2b227c24e712cc35ed2,0.1.0,2026-10-06T12:00:00Z,1.0.0,0.1.0
CAP-000099,SCN-000003,structured_growth,ROL-000006,2027-05,RCP-000099,0,0,0,0,120,-120,0,defined,0,0,0,0,4,within_configured_maximum,,not_triggered,not_triggered,not_triggered,,,forecast,r3-dc498db+universe-1.0.0,da46cd8e97420cc7017857c14f066d318beb3ff5eae3cf91f274bcfeb686370d,9f0ef4b32f4cf9be9e7bbd6f77754f9f0b7f2b666654d7373f375760367de4f6,0.1.0,2026-10-06T12:00:00Z,1.0.0,0.1.0
CAP-000100,SCN-000003,structured_growth,ROL-000006,2027-06,RCP-000100,0,0,0,0,120,-120,0,defined,0,0,0,0,4,within_configured_maximum,,not_triggered,not_triggered,not_triggered,,,forecast,r3-dc498db+universe-1.0.0,da46cd8e97420cc7017857c14f066d318beb3ff5eae3cf91f274bcfeb686370d,b378cadc85a56b1609c1adbc4823c2a8691d8654873a124d10ad81bd0cf84409,0.1.0,2026-10-06T12:00:00Z,1.0.0,0.1.0
CAP-000101,SCN-000004,mature,ROL-000001,2026-09,RCP-000101,36,0,0,36,272,-236,0.1324,defined,1,0,1,0,4,within_configured_maximum,PRJ-000106,not_triggered,not_triggered,not_triggered,,,forecast,r3-dc498db+universe-1.0.0,da46cd8e97420cc7017857c14f066d318beb3ff5eae3cf91f274bcfeb686370d,c760adf58b3215166dca35e615ba587d49f3381628c2a1d3ff28b12f9f0494c5,0.1.0,2026-10-06T12:00:00Z,1.0.0,0.1.0
CAP-000102,SCN-000004,mature,ROL-000001,2026-10,RCP-000102,90,0,0,90,272,-182,0.3309,defined,2,0,2,0,4,within_configured_maximum,PRJ-000106;PRJ-000107,not_triggered,not_triggered,not_triggered,,,forecast,r3-dc498db+universe-1.0.0,da46cd8e97420cc7017857c14f066d318beb3ff5eae3cf91f274bcfeb686370d,ae5a54ebfd9d118e23cb1f2bccbf1a3a18ae1a70edaffa880934522727b7dc71,0.1.0,2026-10-06T12:00:00Z,1.0.0,0.1.0
CAP-000103,SCN-000004,mature,ROL-000001,2026-11,RCP-000103,174.6,0,0,174.6,272,-97.4,0.6419,defined,3,0,2,1,4,within_configured_maximum,PRJ-000106;PRJ-000107;PRJ-000108,not_triggered,not_triggered,not_triggered,,,forecast,r3-dc498db+universe-1.0.0,da46cd8e97420cc7017857c14f066d318beb3ff5eae3cf91f274bcfeb686370d,50949da284c8b0cce28a3cd6fbdef27d1100cdb52460cd6edb21af2da29c217e,0.1.0,2026-10-06T12:00:00Z,1.0.0,0.1.0
CAP-000104,SCN-000004,mature,ROL-000001,2026-12,RCP-000104,223.2,0,0,223.2,272,-48.8,0.8206,defined,4,1,2,1,4,within_configured_maximum,PRJ-000106;PRJ-000107;PRJ-000108;PRJ-000109,not_triggered,not_triggered,not_triggered,,,forecast,r3-dc498db+universe-1.0.0,da46cd8e97420cc7017857c14f066d318beb3ff5eae3cf91f274bcfeb686370d,cd49f1c332df6ac477e5d87ba92b2bb6f1aa59b2048f9fa245df5bedab057729,0.1.0,2026-10-06T12:00:00Z,1.0.0,0.1.0
CAP-000105,SCN-000004,mature,ROL-000001,2027-01,RCP-000105,280.2,0,36,316.2,272,44.2,1.1625,defined,5,1,3,1,4,above_configured_maximum,PRJ-000106;PRJ-000107;PRJ-000108;PRJ-000109;PRJ-000110,watch,not_triggered,watch,,,forecast,r3-dc498db+universe-1.0.0,da46cd8e97420cc7017857c14f066d318beb3ff5eae3cf91f274bcfeb686370d,4d339d4b45bc3f0a1dc130537c450c8fcd2a14f8048c907883c4c107f350bc98,0.1.0,2026-10-06T12:00:00Z,1.0.0,0.1.0
CAP-000106,SCN-000004,mature,ROL-000001,2027-02,RCP-000106,289.2,0,0,289.2,272,17.2,1.0632,defined,5,1,3,1,4,above_configured_maximum,PRJ-000106;PRJ-000107;PRJ-000108;PRJ-000109;PRJ-000110,not_triggered,not_triggered,not_triggered,,,forecast,r3-dc498db+universe-1.0.0,da46cd8e97420cc7017857c14f066d318beb3ff5eae3cf91f274bcfeb686370d,138ab2d7116abdfd6e128e6e3fa822260a29bdc6a12ec9a1e2c3a38fc013bcc5,0.1.0,2026-10-06T12:00:00Z,1.0.0,0.1.0
CAP-000107,SCN-000004,mature,ROL-000001,2027-03,RCP-000107,276.6,0,0,276.6,272,4.6,1.0169,defined,5,0,3,2,4,above_configured_maximum,PRJ-000106;PRJ-000107;PRJ-000108;PRJ-000110;PRJ-000111,not_triggered,not_triggered,not_triggered,,,forecast,r3-dc498db+universe-1.0.0,da46cd8e97420cc7017857c14f066d318beb3ff5eae3cf91f274bcfeb686370d,1ea87cfdb7a9506e8d4f19a5bf0586d8342bf67993b8db1c78cd231bf16467ed,0.1.0,2026-10-06T12:00:00Z,1.0.0,0.1.0
CAP-000108,SCN-000004,mature,ROL-000001,2027-04,RCP-000108,273,0,0,273,272,1,1.0037,defined,5,0,3,2,4,above_configured_maximum,PRJ-000107;PRJ-000108;PRJ-000110;PRJ-000111;PRJ-000112,not_triggered,not_triggered,not_triggered,,,forecast,r3-dc498db+universe-1.0.0,da46cd8e97420cc7017857c14f066d318beb3ff5eae3cf91f274bcfeb686370d,3c8ab80867bb3d133636cb68bdf0253a2bb3900db76b1bd97b679f781e7b3c65,0.1.0,2026-10-06T12:00:00Z,1.0.0,0.1.0
CAP-000109,SCN-000004,mature,ROL-000001,2027-05,RCP-000109,324,0,0,324,272,52,1.1912,defined,5,0,2,3,4,above_configured_maximum,PRJ-000108;PRJ-000110;PRJ-000111;PRJ-000112;PRJ-000113,watch,not_triggered,watch,,,forecast,r3-dc498db+universe-1.0.0,da46cd8e97420cc7017857c14f066d318beb3ff5eae3cf91f274bcfeb686370d,e2b0b3b64fe4335bf0117b3e43435a6eccec7b7b40b63938da992cd0a17e25d2,0.1.0,2026-10-06T12:00:00Z,1.0.0,0.1.0
CAP-000110,SCN-000004,mature,ROL-000001,2027-06,RCP-000110,330.6,0,0,330.6,272,58.6,1.2154,defined,5,0,2,3,4,above_configured_maximum,PRJ-000108;PRJ-000110;PRJ-000111;PRJ-000112;PRJ-000113,triggered,not_triggered,triggered,STG-000001,STG-000001:fired,forecast,r3-dc498db+universe-1.0.0,da46cd8e97420cc7017857c14f066d318beb3ff5eae3cf91f274bcfeb686370d,2624c07bfd9cfbf4d41a43801d548c47b6b7ece302cf3fce3817ab2ebf86906a,0.1.0,2026-10-06T12:00:00Z,1.0.0,0.1.0
CAP-000111,SCN-000004,mature,ROL-000004,2026-09,RCP-000111,48,0,0,48,432,-384,0.1111,defined,1,0,1,0,4,within_configured_maximum,PRJ-000106,not_triggered,not_triggered,not_triggered,,,forecast,r3-dc498db+universe-1.0.0,da46cd8e97420cc7017857c14f066d318beb3ff5eae3cf91f274bcfeb686370d,48a16f0ebbe6b868f5f31dc490064782ecd1ae031d5cec95889415e72f8aa1bc,0.1.0,2026-10-06T12:00:00Z,1.0.0,0.1.0
CAP-000112,SCN-000004,mature,ROL-000004,2026-10,RCP-000112,120,0,0,120,432,-312,0.2778,defined,2,0,2,0,4,within_configured_maximum,PRJ-000106;PRJ-000107,not_triggered,not_triggered,not_triggered,,,forecast,r3-dc498db+universe-1.0.0,da46cd8e97420cc7017857c14f066d318beb3ff5eae3cf91f274bcfeb686370d,f818ccccfd5732d12d86019f10f35c5b240712c60df922bb33f0adf8bfb41a0c,0.1.0,2026-10-06T12:00:00Z,1.0.0,0.1.0
CAP-000113,SCN-000004,mature,ROL-000004,2026-11,RCP-000113,252,0,0,252,432,-180,0.5833,defined,3,0,2,1,4,within_configured_maximum,PRJ-000106;PRJ-000107;PRJ-000108,not_triggered,not_triggered,not_triggered,,,forecast,r3-dc498db+universe-1.0.0,da46cd8e97420cc7017857c14f066d318beb3ff5eae3cf91f274bcfeb686370d,a90aabe22bc2956142795bb55e11d56cfa8c03fddde4ee4f0f513f6a4e4fc1fc,0.1.0,2026-10-06T12:00:00Z,1.0.0,0.1.0
CAP-000114,SCN-000004,mature,ROL-000004,2026-12,RCP-000114,300,0,0,300,432,-132,0.6944,defined,4,1,2,1,4,within_configured_maximum,PRJ-000106;PRJ-000107;PRJ-000108;PRJ-000109,not_triggered,not_triggered,not_triggered,,,forecast,r3-dc498db+universe-1.0.0,da46cd8e97420cc7017857c14f066d318beb3ff5eae3cf91f274bcfeb686370d,b6cda1a169be62b0532e650f84faf5ae3912ad4ad4df8b149edcd47e88384a70,0.1.0,2026-10-06T12:00:00Z,1.0.0,0.1.0
CAP-000115,SCN-000004,mature,ROL-000004,2027-01,RCP-000115,370,0,0,370,432,-62,0.8565,defined,5,1,3,1,4,above_configured_maximum,PRJ-000106;PRJ-000107;PRJ-000108;PRJ-000109;PRJ-000110,not_triggered,not_triggered,not_triggered,,,forecast,r3-dc498db+universe-1.0.0,da46cd8e97420cc7017857c14f066d318beb3ff5eae3cf91f274bcfeb686370d,0acc4a1d48b15b59b36803a2603acbba9df3e1fe9d87bedb64288696f93ef7f5,0.1.0,2026-10-06T12:00:00Z,1.0.0,0.1.0
CAP-000116,SCN-000004,mature,ROL-000004,2027-02,RCP-000116,395.6,0,0,395.6,432,-36.4,0.9157,defined,5,1,3,1,4,above_configured_maximum,PRJ-000106;PRJ-000107;PRJ-000108;PRJ-000109;PRJ-000110,not_triggered,not_triggered,not_triggered,,,forecast,r3-dc498db+universe-1.0.0,da46cd8e97420cc7017857c14f066d318beb3ff5eae3cf91f274bcfeb686370d,acebcb92b800cf9333de4437a781e361cfb7f040974a352d655c990d684c7563,0.1.0,2026-10-06T12:00:00Z,1.0.0,0.1.0
CAP-000117,SCN-000004,mature,ROL-000004,2027-03,RCP-000117,416,0,0,416,432,-16,0.963,defined,5,0,3,2,4,above_configured_maximum,PRJ-000106;PRJ-000107;PRJ-000108;PRJ-000110;PRJ-000111,not_triggered,not_triggered,not_triggered,,,forecast,r3-dc498db+universe-1.0.0,da46cd8e97420cc7017857c14f066d318beb3ff5eae3cf91f274bcfeb686370d,4da26abf473622a08f1e7c1689c598539b4a6929fec341a5afd09d87e4e61886,0.1.0,2026-10-06T12:00:00Z,1.0.0,0.1.0
CAP-000118,SCN-000004,mature,ROL-000004,2027-04,RCP-000118,412.4,0,0,412.4,432,-19.6,0.9546,defined,5,0,3,2,4,above_configured_maximum,PRJ-000107;PRJ-000108;PRJ-000110;PRJ-000111;PRJ-000112,not_triggered,not_triggered,not_triggered,,,forecast,r3-dc498db+universe-1.0.0,da46cd8e97420cc7017857c14f066d318beb3ff5eae3cf91f274bcfeb686370d,89d3687e8db84cb49debb6bb841d83499405dcf54acf91be75d06a75874a77e4,0.1.0,2026-10-06T12:00:00Z,1.0.0,0.1.0
CAP-000119,SCN-000004,mature,ROL-000004,2027-05,RCP-000119,498,0,0,498,432,66,1.1528,defined,5,0,2,3,4,above_configured_maximum,PRJ-000108;PRJ-000110;PRJ-000111;PRJ-000112;PRJ-000113,watch,not_triggered,watch,,,forecast,r3-dc498db+universe-1.0.0,da46cd8e97420cc7017857c14f066d318beb3ff5eae3cf91f274bcfeb686370d,3505c33a15fa3a03c9f52ecc069154b8500a53b8c053d68b1686e8dd27e78ffa,0.1.0,2026-10-06T12:00:00Z,1.0.0,0.1.0
CAP-000120,SCN-000004,mature,ROL-000004,2027-06,RCP-000120,515.6,0,0,515.6,432,83.6,1.1935,defined,5,0,2,3,4,above_configured_maximum,PRJ-000108;PRJ-000110;PRJ-000111;PRJ-000112;PRJ-000113,triggered,not_triggered,triggered,STG-000001,STG-000001:fired,forecast,r3-dc498db+universe-1.0.0,da46cd8e97420cc7017857c14f066d318beb3ff5eae3cf91f274bcfeb686370d,cbd9adb5120d7843e8e4ab7e1f8a24d5c5c86cf58eebadaf639c7ccafe4f6971,0.1.0,2026-10-06T12:00:00Z,1.0.0,0.1.0
CAP-000121,SCN-000004,mature,ROL-000005,2026-09,RCP-000121,0,0,0,0,144,-144,0,defined,0,0,0,0,4,within_configured_maximum,,not_triggered,not_triggered,not_triggered,,,forecast,r3-dc498db+universe-1.0.0,da46cd8e97420cc7017857c14f066d318beb3ff5eae3cf91f274bcfeb686370d,6a47edb2ced4a488c72edc8bd7575a0ff980b90e455a29741e4d9e68b03d5b6b,0.1.0,2026-10-06T12:00:00Z,1.0.0,0.1.0
CAP-000122,SCN-000004,mature,ROL-000005,2026-10,RCP-000122,0,0,0,0,144,-144,0,defined,0,0,0,0,4,within_configured_maximum,,not_triggered,not_triggered,not_triggered,,,forecast,r3-dc498db+universe-1.0.0,da46cd8e97420cc7017857c14f066d318beb3ff5eae3cf91f274bcfeb686370d,f0404fe3573482d2f1b5cbe900347567e031ea2f6dff6b111cafc093f09b9765,0.1.0,2026-10-06T12:00:00Z,1.0.0,0.1.0
CAP-000123,SCN-000004,mature,ROL-000005,2026-11,RCP-000123,0,38,0,38,144,-106,0.2639,defined,0,0,0,0,4,within_configured_maximum,,not_triggered,not_triggered,not_triggered,,,forecast,r3-dc498db+universe-1.0.0,da46cd8e97420cc7017857c14f066d318beb3ff5eae3cf91f274bcfeb686370d,d99b69b8c95bd396ca82fe15e67063c594a089e26dcc3e627d784af9362a78a3,0.1.0,2026-10-06T12:00:00Z,1.0.0,0.1.0
CAP-000124,SCN-000004,mature,ROL-000005,2026-12,RCP-000124,0,0,0,0,144,-144,0,defined,0,0,0,0,4,within_configured_maximum,,not_triggered,not_triggered,not_triggered,,,forecast,r3-dc498db+universe-1.0.0,da46cd8e97420cc7017857c14f066d318beb3ff5eae3cf91f274bcfeb686370d,f1513af539ae5cf25ae6bfb300e33c68b72710e4f0e830c93f479c9be44acb45,0.1.0,2026-10-06T12:00:00Z,1.0.0,0.1.0
CAP-000125,SCN-000004,mature,ROL-000005,2027-01,RCP-000125,0,0,0,0,144,-144,0,defined,0,0,0,0,4,within_configured_maximum,,not_triggered,not_triggered,not_triggered,,,forecast,r3-dc498db+universe-1.0.0,da46cd8e97420cc7017857c14f066d318beb3ff5eae3cf91f274bcfeb686370d,97361ced2d03ef5c885d45a240bf560a5ee65b1d017589a75412cf107925b3fd,0.1.0,2026-10-06T12:00:00Z,1.0.0,0.1.0
CAP-000126,SCN-000004,mature,ROL-000005,2027-02,RCP-000126,0,24,0,24,0,24,,undefined_no_capacity,1,0,1,0,4,within_configured_maximum,PRJ-000107,not_triggered,triggered,triggered,STG-000002,STG-000002:fired,forecast,r3-dc498db+universe-1.0.0,da46cd8e97420cc7017857c14f066d318beb3ff5eae3cf91f274bcfeb686370d,df4411c7dcfae5cfd73d637c0cbb5d6a72360bc6e3d2bafd120b415c03f3b1b3,0.1.0,2026-10-06T12:00:00Z,1.0.0,0.1.0
CAP-000127,SCN-000004,mature,ROL-000005,2027-03,RCP-000127,0,0,0,0,144,-144,0,defined,0,0,0,0,4,within_configured_maximum,,not_triggered,not_triggered,not_triggered,,STG-000002:cleared,forecast,r3-dc498db+universe-1.0.0,da46cd8e97420cc7017857c14f066d318beb3ff5eae3cf91f274bcfeb686370d,c3a82b67fa47e67d3b5dd31ef0d098a683b483c0fca639e6ba1afa3d7d49ba57,0.1.0,2026-10-06T12:00:00Z,1.0.0,0.1.0
CAP-000128,SCN-000004,mature,ROL-000005,2027-04,RCP-000128,0,0,0,0,144,-144,0,defined,0,0,0,0,4,within_configured_maximum,,not_triggered,not_triggered,not_triggered,,,forecast,r3-dc498db+universe-1.0.0,da46cd8e97420cc7017857c14f066d318beb3ff5eae3cf91f274bcfeb686370d,a1d03d5f3b3a7096cf65ce29384b1651e1cea8dfb74171398024d247d791f09e,0.1.0,2026-10-06T12:00:00Z,1.0.0,0.1.0
CAP-000129,SCN-000004,mature,ROL-000005,2027-05,RCP-000129,0,0,0,0,144,-144,0,defined,0,0,0,0,4,within_configured_maximum,,not_triggered,not_triggered,not_triggered,,,forecast,r3-dc498db+universe-1.0.0,da46cd8e97420cc7017857c14f066d318beb3ff5eae3cf91f274bcfeb686370d,8ca6e86bf09e6dc6a5af3f9ed504b1c9d7896aad5574443e8ed2a25b84b13df6,0.1.0,2026-10-06T12:00:00Z,1.0.0,0.1.0
CAP-000130,SCN-000004,mature,ROL-000005,2027-06,RCP-000130,0,0,0,0,144,-144,0,defined,0,0,0,0,4,within_configured_maximum,,not_triggered,not_triggered,not_triggered,,,forecast,r3-dc498db+universe-1.0.0,da46cd8e97420cc7017857c14f066d318beb3ff5eae3cf91f274bcfeb686370d,c01c2a6b5f0ab9441b5e164441c002507f15eb66b8f51a6be2a9458b92782df6,0.1.0,2026-10-06T12:00:00Z,1.0.0,0.1.0
CAP-000131,SCN-000004,mature,ROL-000006,2026-09,RCP-000131,0,0,0,0,128,-128,0,defined,0,0,0,0,4,within_configured_maximum,,not_triggered,not_triggered,not_triggered,,,forecast,r3-dc498db+universe-1.0.0,da46cd8e97420cc7017857c14f066d318beb3ff5eae3cf91f274bcfeb686370d,20ad7211f54c6ab0fbeed6c04a389f0785bfde244e24631cbe33b1f374992745,0.1.0,2026-10-06T12:00:00Z,1.0.0,0.1.0
CAP-000132,SCN-000004,mature,ROL-000006,2026-10,RCP-000132,0,0,0,0,128,-128,0,defined,0,0,0,0,4,within_configured_maximum,,not_triggered,not_triggered,not_triggered,,,forecast,r3-dc498db+universe-1.0.0,da46cd8e97420cc7017857c14f066d318beb3ff5eae3cf91f274bcfeb686370d,1cf78e5a0dfb780dc5fe0b2d2d86de363e64c5c79c96bdee1df7aadf87103cbf,0.1.0,2026-10-06T12:00:00Z,1.0.0,0.1.0
CAP-000133,SCN-000004,mature,ROL-000006,2026-11,RCP-000133,0,0,0,0,128,-128,0,defined,0,0,0,0,4,within_configured_maximum,,not_triggered,not_triggered,not_triggered,,,forecast,r3-dc498db+universe-1.0.0,da46cd8e97420cc7017857c14f066d318beb3ff5eae3cf91f274bcfeb686370d,b21e54e0740a6e14dab627e94cb15b8aac6f049c6d1075730596d5387b61be11,0.1.0,2026-10-06T12:00:00Z,1.0.0,0.1.0
CAP-000134,SCN-000004,mature,ROL-000006,2026-12,RCP-000134,0,0,0,0,128,-128,0,defined,0,0,0,0,4,within_configured_maximum,,not_triggered,not_triggered,not_triggered,,,forecast,r3-dc498db+universe-1.0.0,da46cd8e97420cc7017857c14f066d318beb3ff5eae3cf91f274bcfeb686370d,67f4ccbd7d65db62fe1b185903831de99bb9be24d1a75a338dcda5e954e4f1a5,0.1.0,2026-10-06T12:00:00Z,1.0.0,0.1.0
CAP-000135,SCN-000004,mature,ROL-000006,2027-01,RCP-000135,0,0,0,0,128,-128,0,defined,0,0,0,0,4,within_configured_maximum,,not_triggered,not_triggered,not_triggered,,,forecast,r3-dc498db+universe-1.0.0,da46cd8e97420cc7017857c14f066d318beb3ff5eae3cf91f274bcfeb686370d,752e2b7d4a75867c0d5fd37a9653cf2e3c7b0792235fc899612e90e10fb791d5,0.1.0,2026-10-06T12:00:00Z,1.0.0,0.1.0
CAP-000136,SCN-000004,mature,ROL-000006,2027-02,RCP-000136,0,0,30,30,128,-98,0.2344,defined,1,0,1,0,4,within_configured_maximum,PRJ-000106,not_triggered,not_triggered,not_triggered,,,forecast,r3-dc498db+universe-1.0.0,da46cd8e97420cc7017857c14f066d318beb3ff5eae3cf91f274bcfeb686370d,92ce300c3eb31ae00fd059816277c6abdb1a7cf11b584f081ac82dde4f719c3a,0.1.0,2026-10-06T12:00:00Z,1.0.0,0.1.0
CAP-000137,SCN-000004,mature,ROL-000006,2027-03,RCP-000137,0,0,0,0,128,-128,0,defined,0,0,0,0,4,within_configured_maximum,,not_triggered,not_triggered,not_triggered,,,forecast,r3-dc498db+universe-1.0.0,da46cd8e97420cc7017857c14f066d318beb3ff5eae3cf91f274bcfeb686370d,27fc594a4aba8ca0d99d2f3c70ef6a73a88227fa0b8dcf7c66393e0abb573c99,0.1.0,2026-10-06T12:00:00Z,1.0.0,0.1.0
CAP-000138,SCN-000004,mature,ROL-000006,2027-04,RCP-000138,0,0,0,0,128,-128,0,defined,0,0,0,0,4,within_configured_maximum,,not_triggered,not_triggered,not_triggered,,,forecast,r3-dc498db+universe-1.0.0,da46cd8e97420cc7017857c14f066d318beb3ff5eae3cf91f274bcfeb686370d,4fe8d8052b9357c52079de10361a990766e138507f689b9717ca891a27808732,0.1.0,2026-10-06T12:00:00Z,1.0.0,0.1.0
CAP-000139,SCN-000004,mature,ROL-000006,2027-05,RCP-000139,0,0,0,0,128,-128,0,defined,0,0,0,0,4,within_configured_maximum,,not_triggered,not_triggered,not_triggered,,,forecast,r3-dc498db+universe-1.0.0,da46cd8e97420cc7017857c14f066d318beb3ff5eae3cf91f274bcfeb686370d,26611e8ccf89e9d88b23369eb8423a96456943f433aa0792156ae4f462aba5bd,0.1.0,2026-10-06T12:00:00Z,1.0.0,0.1.0
CAP-000140,SCN-000004,mature,ROL-000006,2027-06,RCP-000140,0,0,0,0,128,-128,0,defined,0,0,0,0,4,within_configured_maximum,,not_triggered,not_triggered,not_triggered,,,forecast,r3-dc498db+universe-1.0.0,da46cd8e97420cc7017857c14f066d318beb3ff5eae3cf91f274bcfeb686370d,20c257aee4aae6b361353fb4a2eb941aece07cb81c6142950a3623f6c2a493e4,0.1.0,2026-10-06T12:00:00Z,1.0.0,0.1.0
