golive_support_demand_id,scenario_id,project_id,period,support_type,role_id,people_count,hours_per_person_per_day,days,support_hours,capacity_inclusion_method,value_basis,precedence_rank,schema_version
GLS-000001,SCN-000003,PRJ-000003,2026-10,rehearsal,ROL-000001,1,4,2,8,authoritative_workload,forecast,2,0.1.0
GLS-000002,SCN-000003,PRJ-000003,2026-10,rehearsal,ROL-000004,1,4,2,8,authoritative_workload,forecast,2,0.1.0
GLS-000003,SCN-000003,PRJ-000003,2026-10,cutover_support,ROL-000004,1,10,1,10,authoritative_workload,forecast,2,0.1.0
GLS-000004,SCN-000003,PRJ-000003,2026-10,command_center_support,ROL-000001,1,6,3,18,authoritative_workload,forecast,2,0.1.0
GLS-000005,SCN-000003,PRJ-000003,2026-10,hypercare_support,ROL-000006,1,3,8,24,authoritative_workload,forecast,2,0.1.0
GLS-000006,SCN-000003,PRJ-000003,2026-11,hypercare_support,ROL-000006,1,2,10,20,authoritative_workload,forecast,2,0.1.0
GLS-000007,SCN-000002,PRJ-000002,2026-11,rehearsal,ROL-000004,1,4,2,8,authoritative_workload,forecast,2,0.1.0
GLS-000008,SCN-000002,PRJ-000002,2026-11,cutover_support,ROL-000004,2,8,1,16,authoritative_workload,forecast,2,0.1.0
GLS-000009,SCN-000002,PRJ-000002,2026-11,hypercare_support,ROL-000001,1,2,10,20,authoritative_workload,forecast,2,0.1.0
GLS-000010,SCN-000002,PRJ-000002,2026-12,hypercare_support,ROL-000001,1,2,5,10,authoritative_workload,forecast,2,0.1.0
GLS-000011,SCN-000001,PRJ-000001,2026-12,hypercare_support,ROL-000001,1,2,10,20,authoritative_workload,forecast,2,0.1.0
GLS-000012,SCN-000004,PRJ-000106,2027-01,command_center_support,ROL-000001,2,6,3,36,authoritative_workload,forecast,2,0.1.0
GLS-000013,SCN-000004,PRJ-000106,2027-02,hypercare_support,ROL-000006,1,3,10,30,authoritative_workload,forecast,2,0.1.0
