demand_record_id,scenario_id,project_id,period,role_id,workload_component_id,workload_type,demand_method,source_entity_type,source_entity_id,source_repo,source_version,import_source_repo,import_record_id,capacity_inclusion_method,precedence_rank,hours,actual_hours,unit,value_basis,complexity_tier,curve_id,month_offset,phase_keys,exclusion_reason,schema_version
DMN-000001,SCN-000001,PRJ-000001,2026-09,ROL-000001,TSK-000001,task_effort,bottom_up,task,TSK-000001,implementation-operating-system,9acd25a,implementation-tracker-workbook,CPI-000001,authoritative_workload,1,3,2.5,hours,planned,standard,,,,,0.1.0
DMN-000002,SCN-000001,PRJ-000001,2026-09,ROL-000001,TSK-000002,task_effort,bottom_up,task,TSK-000002,implementation-operating-system,9acd25a,implementation-tracker-workbook,CPI-000002,authoritative_workload,1,2,2,hours,planned,standard,,,,,0.1.0
DMN-000003,SCN-000001,PRJ-000001,2026-09,ROL-000001,TSK-000003,task_effort,bottom_up,task,TSK-000003,implementation-operating-system,9acd25a,implementation-tracker-workbook,CPI-000003,authoritative_workload,1,6,7,hours,planned,standard,,,,,0.1.0
DMN-000004,SCN-000001,PRJ-000001,2026-10,ROL-000001,TSK-000004,task_effort,bottom_up,task,TSK-000004,implementation-operating-system,9acd25a,implementation-tracker-workbook,CPI-000004,authoritative_workload,1,8,5,hours,planned,standard,,,,,0.1.0
DMN-000005,SCN-000001,PRJ-000001,2026-10,ROL-000004,TSK-000005,task_effort,bottom_up,task,TSK-000005,implementation-operating-system,9acd25a,implementation-tracker-workbook,CPI-000005,authoritative_workload,1,4,0,hours,planned,standard,,,,,0.1.0
DMN-000006,SCN-000001,PRJ-000001,2026-10,ROL-000001,TSK-000006,task_effort,bottom_up,task,TSK-000006,implementation-operating-system,9acd25a,implementation-tracker-workbook,CPI-000006,authoritative_workload,1,3,0,hours,planned,standard,,,,,0.1.0
DMN-000007,SCN-000002,PRJ-000002,2026-09,ROL-000004,TSK-000008,task_effort,bottom_up,task,TSK-000008,implementation-operating-system,9acd25a,implementation-tracker-workbook,CPI-000008,authoritative_workload,1,4,4,hours,planned,standard,,,,,0.1.0
DMN-000008,SCN-000002,PRJ-000002,2026-10,ROL-000004,TSK-000009,task_effort,bottom_up,task,TSK-000009,implementation-operating-system,9acd25a,implementation-tracker-workbook,CPI-000009,authoritative_workload,1,16,10,hours,planned,standard,,,,,0.1.0
DMN-000009,SCN-000002,PRJ-000002,2026-09,ROL-000004,TSK-000010,task_effort,bottom_up,task,TSK-000010,implementation-operating-system,9acd25a,implementation-tracker-workbook,CPI-000010,authoritative_workload,1,6,5,hours,planned,standard,,,,,0.1.0
DMN-000010,SCN-000002,PRJ-000002,2026-09,ROL-000001,TSK-000011,task_effort,bottom_up,task,TSK-000011,implementation-operating-system,9acd25a,implementation-tracker-workbook,CPI-000011,authoritative_workload,1,4,2,hours,planned,standard,,,,,0.1.0
DMN-000011,SCN-000002,PRJ-000002,2026-09,ROL-000004,TSK-000012,task_effort,bottom_up,task,TSK-000012,implementation-operating-system,9acd25a,implementation-tracker-workbook,CPI-000012,authoritative_workload,1,12,0,hours,planned,standard,,,,,0.1.0
DMN-000012,SCN-000002,PRJ-000002,2026-10,ROL-000004,TSK-000013,task_effort,bottom_up,task,TSK-000013,implementation-operating-system,9acd25a,implementation-tracker-workbook,CPI-000013,authoritative_workload,1,6,0,hours,planned,standard,,,,,0.1.0
DMN-000013,SCN-000002,PRJ-000002,2026-10,ROL-000004,TSK-000014,task_effort,bottom_up,task,TSK-000014,implementation-operating-system,9acd25a,implementation-tracker-workbook,CPI-000014,authoritative_workload,1,8,3,hours,planned,standard,,,,,0.1.0
DMN-000014,SCN-000002,PRJ-000002,2026-10,ROL-000001,TSK-000015,task_effort,bottom_up,task,TSK-000015,implementation-operating-system,9acd25a,implementation-tracker-workbook,CPI-000015,authoritative_workload,1,5,0,hours,planned,standard,,,,,0.1.0
DMN-000015,SCN-000002,PRJ-000002,2026-09,ROL-000001,TSK-000016,task_effort,bottom_up,task,TSK-000016,implementation-operating-system,9acd25a,implementation-tracker-workbook,CPI-000016,authoritative_workload,1,1,1.5,hours,planned,standard,,,,,0.1.0
DMN-000016,SCN-000003,PRJ-000003,2026-09,ROL-000001,TSK-000022,task_effort,bottom_up,task,TSK-000022,implementation-operating-system,9acd25a,implementation-tracker-workbook,CPI-000022,authoritative_workload,1,10,9,hours,planned,standard,,,,,0.1.0
DMN-000017,SCN-000003,PRJ-000003,2026-09,ROL-000005,TSK-000023,task_effort,bottom_up,task,TSK-000023,implementation-operating-system,9acd25a,implementation-tracker-workbook,CPI-000023,authoritative_workload,1,8,8,hours,planned,standard,,,,,0.1.0
DMN-000018,SCN-000003,PRJ-000003,2026-09,ROL-000005,TSK-000024,task_effort,bottom_up,task,TSK-000024,implementation-operating-system,9acd25a,implementation-tracker-workbook,CPI-000024,authoritative_workload,1,12,13,hours,planned,standard,,,,,0.1.0
DMN-000019,SCN-000003,PRJ-000003,2026-09,ROL-000006,TSK-000025,task_effort,bottom_up,task,TSK-000025,implementation-operating-system,9acd25a,implementation-tracker-workbook,CPI-000025,authoritative_workload,1,6,6,hours,planned,standard,,,,,0.1.0
DMN-000020,SCN-000003,PRJ-000003,2026-10,ROL-000004,TSK-000026,task_effort,bottom_up,task,TSK-000026,implementation-operating-system,9acd25a,implementation-tracker-workbook,CPI-000026,authoritative_workload,1,8,8,hours,planned,standard,,,,,0.1.0
DMN-000021,SCN-000003,PRJ-000003,2026-10,ROL-000006,TSK-000027,task_effort,bottom_up,task,TSK-000027,implementation-operating-system,9acd25a,implementation-tracker-workbook,CPI-000027,authoritative_workload,1,3,3,hours,planned,standard,,,,,0.1.0
DMN-000022,SCN-000003,PRJ-000003,2026-10,ROL-000001,TSK-000028,task_effort,bottom_up,task,TSK-000028,implementation-operating-system,9acd25a,implementation-tracker-workbook,CPI-000028,authoritative_workload,1,4,4,hours,planned,standard,,,,,0.1.0
DMN-000023,SCN-000003,PRJ-000003,2026-10,ROL-000005,TSK-000029,task_effort,bottom_up,task,TSK-000029,implementation-operating-system,9acd25a,implementation-tracker-workbook,CPI-000029,authoritative_workload,1,3,1.5,hours,planned,standard,,,,,0.1.0
DMN-000024,SCN-000003,PRJ-000003,2026-10,ROL-000001,TSK-000030,task_effort,bottom_up,task,TSK-000030,implementation-operating-system,9acd25a,implementation-tracker-workbook,CPI-000030,authoritative_workload,1,2,0,hours,planned,standard,,,,,0.1.0
DMN-000025,SCN-000002,PRJ-000002,2026-09,ROL-000004,TSK-000011,request_handling,bottom_up,request,REQ-000002,implementation-operating-system,9acd25a,implementation-tracker-workbook,CPI-000031,excluded_to_prevent_double_count,1,4,2,hours,planned,standard,,,,R3 marks this row excluded; component TSK-000011 is counted by its authoritative row,0.1.0
DMN-000026,SCN-000003,PRJ-000003,2026-10,ROL-000004,TSK-000026,request_handling,bottom_up,request,REQ-000006,implementation-operating-system,9acd25a,implementation-tracker-workbook,CPI-000032,excluded_to_prevent_double_count,1,8,8,hours,planned,standard,,,,R3 marks this row excluded; component TSK-000026 is counted by its authoritative row,0.1.0
DMN-000027,SCN-000003,PRJ-000003,2026-10,ROL-000006,TSK-000026,handoff_effort,bottom_up,handoff,HND-000002,implementation-operating-system,9acd25a,implementation-tracker-workbook,CPI-000033,excluded_to_prevent_double_count,1,8,8,hours,planned,standard,,,,R3 marks this row excluded; component TSK-000026 is counted by its authoritative row,0.1.0
DMN-000028,SCN-000002,PRJ-000002,2026-09,ROL-000004,PHS-000006,phase_summary,bottom_up,phase,PHS-000006,implementation-operating-system,9acd25a,implementation-tracker-workbook,CPI-000034,informational_only,1,62,25.5,hours,planned,standard,,,,"R3 marks this row informational_only; it is context, never demand",0.1.0
DMN-000029,SCN-000003,PRJ-000003,2026-09,ROL-000001,PHS-000015,phase_summary,bottom_up,phase,PHS-000015,implementation-operating-system,9acd25a,implementation-tracker-workbook,CPI-000035,informational_only,1,20,16.5,hours,planned,standard,,,,"R3 marks this row informational_only; it is context, never demand",0.1.0
DMN-000030,SCN-000001,PRJ-000001,2026-09,ROL-000001,DMN-000030,forecast_project_effort,top_down,project,PRJ-000001,implementation-capacity-and-org-design,demand-drivers-1.0.0,,,excluded_to_prevent_double_count,3,63,,hours,forecast,standard,curve_standard,2,build,bottom_up authoritative workload exists for this project and period (precedence rank 1 wins),0.1.0
DMN-000031,SCN-000001,PRJ-000001,2026-09,ROL-000004,DMN-000031,forecast_project_effort,top_down,project,PRJ-000001,implementation-capacity-and-org-design,demand-drivers-1.0.0,,,excluded_to_prevent_double_count,3,84,,hours,forecast,standard,curve_standard,2,build,bottom_up authoritative workload exists for this project and period (precedence rank 1 wins),0.1.0
DMN-000032,SCN-000001,PRJ-000001,2026-10,ROL-000001,DMN-000032,forecast_project_effort,top_down,project,PRJ-000001,implementation-capacity-and-org-design,demand-drivers-1.0.0,,,excluded_to_prevent_double_count,3,63,,hours,forecast,standard,curve_standard,3,build,bottom_up authoritative workload exists for this project and period (precedence rank 1 wins),0.1.0
DMN-000033,SCN-000001,PRJ-000001,2026-10,ROL-000004,DMN-000033,forecast_project_effort,top_down,project,PRJ-000001,implementation-capacity-and-org-design,demand-drivers-1.0.0,,,excluded_to_prevent_double_count,3,84,,hours,forecast,standard,curve_standard,3,build,bottom_up authoritative workload exists for this project and period (precedence rank 1 wins),0.1.0
DMN-000034,SCN-000001,PRJ-000001,2026-11,ROL-000001,DMN-000034,forecast_project_effort,top_down,project,PRJ-000001,implementation-capacity-and-org-design,demand-drivers-1.0.0,,,authoritative_workload,3,72,,hours,forecast,standard,curve_standard,4,validate+enable,,0.1.0
DMN-000035,SCN-000001,PRJ-000001,2026-11,ROL-000004,DMN-000035,forecast_project_effort,top_down,project,PRJ-000001,implementation-capacity-and-org-design,demand-drivers-1.0.0,,,authoritative_workload,3,96,,hours,forecast,standard,curve_standard,4,validate+enable,,0.1.0
DMN-000036,SCN-000001,PRJ-000001,2026-12,ROL-000001,DMN-000036,forecast_project_effort,top_down,project,PRJ-000001,implementation-capacity-and-org-design,demand-drivers-1.0.0,,,authoritative_workload,3,43.2,,hours,forecast,standard,curve_standard,5,launch+stabilize,,0.1.0
DMN-000037,SCN-000001,PRJ-000001,2026-12,ROL-000004,DMN-000037,forecast_project_effort,top_down,project,PRJ-000001,implementation-capacity-and-org-design,demand-drivers-1.0.0,,,authoritative_workload,3,57.6,,hours,forecast,standard,curve_standard,5,launch+stabilize,,0.1.0
DMN-000038,SCN-000001,PRJ-000001,2027-01,ROL-000001,DMN-000038,forecast_project_effort,top_down,project,PRJ-000001,implementation-capacity-and-org-design,demand-drivers-1.0.0,,,authoritative_workload,3,28.8,,hours,forecast,standard,curve_standard,6,transition+review,,0.1.0
DMN-000039,SCN-000001,PRJ-000001,2027-01,ROL-000004,DMN-000039,forecast_project_effort,top_down,project,PRJ-000001,implementation-capacity-and-org-design,demand-drivers-1.0.0,,,authoritative_workload,3,38.4,,hours,forecast,standard,curve_standard,6,transition+review,,0.1.0
DMN-000040,SCN-000002,PRJ-000002,2026-09,ROL-000001,DMN-000040,forecast_project_effort,top_down,project,PRJ-000002,implementation-capacity-and-org-design,demand-drivers-1.0.0,,,excluded_to_prevent_double_count,3,63,,hours,forecast,standard,curve_standard,3,build,bottom_up authoritative workload exists for this project and period (precedence rank 1 wins),0.1.0
DMN-000041,SCN-000002,PRJ-000002,2026-09,ROL-000004,DMN-000041,forecast_project_effort,top_down,project,PRJ-000002,implementation-capacity-and-org-design,demand-drivers-1.0.0,,,excluded_to_prevent_double_count,3,84,,hours,forecast,standard,curve_standard,3,build,bottom_up authoritative workload exists for this project and period (precedence rank 1 wins),0.1.0
DMN-000042,SCN-000002,PRJ-000002,2026-10,ROL-000001,DMN-000042,forecast_project_effort,top_down,project,PRJ-000002,implementation-capacity-and-org-design,demand-drivers-1.0.0,,,excluded_to_prevent_double_count,3,72,,hours,forecast,standard,curve_standard,4,validate+enable,bottom_up authoritative workload exists for this project and period (precedence rank 1 wins),0.1.0
DMN-000043,SCN-000002,PRJ-000002,2026-10,ROL-000004,DMN-000043,forecast_project_effort,top_down,project,PRJ-000002,implementation-capacity-and-org-design,demand-drivers-1.0.0,,,excluded_to_prevent_double_count,3,96,,hours,forecast,standard,curve_standard,4,validate+enable,bottom_up authoritative workload exists for this project and period (precedence rank 1 wins),0.1.0
DMN-000044,SCN-000002,PRJ-000002,2026-11,ROL-000001,DMN-000044,forecast_project_effort,top_down,project,PRJ-000002,implementation-capacity-and-org-design,demand-drivers-1.0.0,,,authoritative_workload,3,43.2,,hours,forecast,standard,curve_standard,5,launch+stabilize,,0.1.0
DMN-000045,SCN-000002,PRJ-000002,2026-11,ROL-000004,DMN-000045,forecast_project_effort,top_down,project,PRJ-000002,implementation-capacity-and-org-design,demand-drivers-1.0.0,,,authoritative_workload,3,57.6,,hours,forecast,standard,curve_standard,5,launch+stabilize,,0.1.0
DMN-000046,SCN-000002,PRJ-000002,2026-12,ROL-000001,DMN-000046,forecast_project_effort,top_down,project,PRJ-000002,implementation-capacity-and-org-design,demand-drivers-1.0.0,,,authoritative_workload,3,28.8,,hours,forecast,standard,curve_standard,6,transition+review,,0.1.0
DMN-000047,SCN-000002,PRJ-000002,2026-12,ROL-000004,DMN-000047,forecast_project_effort,top_down,project,PRJ-000002,implementation-capacity-and-org-design,demand-drivers-1.0.0,,,authoritative_workload,3,38.4,,hours,forecast,standard,curve_standard,6,transition+review,,0.1.0
DMN-000048,SCN-000003,PRJ-000003,2026-09,ROL-000001,DMN-000048,forecast_project_effort,top_down,project,PRJ-000003,implementation-capacity-and-org-design,demand-drivers-1.0.0,,,excluded_to_prevent_double_count,3,72,,hours,forecast,standard,curve_standard,4,validate+enable,bottom_up authoritative workload exists for this project and period (precedence rank 1 wins),0.1.0
DMN-000049,SCN-000003,PRJ-000003,2026-09,ROL-000004,DMN-000049,forecast_project_effort,top_down,project,PRJ-000003,implementation-capacity-and-org-design,demand-drivers-1.0.0,,,excluded_to_prevent_double_count,3,96,,hours,forecast,standard,curve_standard,4,validate+enable,bottom_up authoritative workload exists for this project and period (precedence rank 1 wins),0.1.0
DMN-000050,SCN-000003,PRJ-000003,2026-10,ROL-000001,DMN-000050,forecast_project_effort,top_down,project,PRJ-000003,implementation-capacity-and-org-design,demand-drivers-1.0.0,,,excluded_to_prevent_double_count,3,43.2,,hours,forecast,standard,curve_standard,5,launch+stabilize,bottom_up authoritative workload exists for this project and period (precedence rank 1 wins),0.1.0
DMN-000051,SCN-000003,PRJ-000003,2026-10,ROL-000004,DMN-000051,forecast_project_effort,top_down,project,PRJ-000003,implementation-capacity-and-org-design,demand-drivers-1.0.0,,,excluded_to_prevent_double_count,3,57.6,,hours,forecast,standard,curve_standard,5,launch+stabilize,bottom_up authoritative workload exists for this project and period (precedence rank 1 wins),0.1.0
DMN-000052,SCN-000003,PRJ-000003,2026-11,ROL-000001,DMN-000052,forecast_project_effort,top_down,project,PRJ-000003,implementation-capacity-and-org-design,demand-drivers-1.0.0,,,authoritative_workload,3,28.8,,hours,forecast,standard,curve_standard,6,transition+review,,0.1.0
DMN-000053,SCN-000003,PRJ-000003,2026-11,ROL-000004,DMN-000053,forecast_project_effort,top_down,project,PRJ-000003,implementation-capacity-and-org-design,demand-drivers-1.0.0,,,authoritative_workload,3,38.4,,hours,forecast,standard,curve_standard,6,transition+review,,0.1.0
DMN-000054,SCN-000001,PRJ-000101,2027-01,ROL-000001,DMN-000054,forecast_project_effort,top_down,project,PRJ-000101,implementation-capacity-and-org-design,demand-drivers-1.0.0,,,authoritative_workload,3,36,,hours,forecast,simple,curve_simple,0,initiate+discover+design,,0.1.0
DMN-000055,SCN-000001,PRJ-000101,2027-01,ROL-000004,DMN-000055,forecast_project_effort,top_down,project,PRJ-000101,implementation-capacity-and-org-design,demand-drivers-1.0.0,,,authoritative_workload,3,30,,hours,forecast,simple,curve_simple,0,initiate+discover+design,,0.1.0
DMN-000056,SCN-000001,PRJ-000101,2027-02,ROL-000001,DMN-000056,forecast_project_effort,top_down,project,PRJ-000101,implementation-capacity-and-org-design,demand-drivers-1.0.0,,,authoritative_workload,3,48,,hours,forecast,simple,curve_simple,1,build+validate,,0.1.0
DMN-000057,SCN-000001,PRJ-000101,2027-02,ROL-000004,DMN-000057,forecast_project_effort,top_down,project,PRJ-000101,implementation-capacity-and-org-design,demand-drivers-1.0.0,,,authoritative_workload,3,40,,hours,forecast,simple,curve_simple,1,build+validate,,0.1.0
DMN-000058,SCN-000001,PRJ-000101,2027-03,ROL-000001,DMN-000058,forecast_project_effort,top_down,project,PRJ-000101,implementation-capacity-and-org-design,demand-drivers-1.0.0,,,authoritative_workload,3,36,,hours,forecast,simple,curve_simple,2,enable+launch+stabilize+transition+review,,0.1.0
DMN-000059,SCN-000001,PRJ-000101,2027-03,ROL-000004,DMN-000059,forecast_project_effort,top_down,project,PRJ-000101,implementation-capacity-and-org-design,demand-drivers-1.0.0,,,authoritative_workload,3,30,,hours,forecast,simple,curve_simple,2,enable+launch+stabilize+transition+review,,0.1.0
DMN-000060,SCN-000002,PRJ-000102,2026-11,ROL-000001,DMN-000060,forecast_project_effort,top_down,project,PRJ-000102,implementation-capacity-and-org-design,demand-drivers-1.0.0,,,authoritative_workload,3,36,,hours,forecast,standard,curve_standard,0,initiate+discover,,0.1.0
DMN-000061,SCN-000002,PRJ-000102,2026-11,ROL-000004,DMN-000061,forecast_project_effort,top_down,project,PRJ-000102,implementation-capacity-and-org-design,demand-drivers-1.0.0,,,authoritative_workload,3,48,,hours,forecast,standard,curve_standard,0,initiate+discover,,0.1.0
DMN-000062,SCN-000002,PRJ-000102,2026-12,ROL-000001,DMN-000062,forecast_project_effort,top_down,project,PRJ-000102,implementation-capacity-and-org-design,demand-drivers-1.0.0,,,authoritative_workload,3,54,,hours,forecast,standard,curve_standard,1,design,,0.1.0
DMN-000063,SCN-000002,PRJ-000102,2026-12,ROL-000004,DMN-000063,forecast_project_effort,top_down,project,PRJ-000102,implementation-capacity-and-org-design,demand-drivers-1.0.0,,,authoritative_workload,3,72,,hours,forecast,standard,curve_standard,1,design,,0.1.0
DMN-000064,SCN-000002,PRJ-000102,2027-01,ROL-000001,DMN-000064,forecast_project_effort,top_down,project,PRJ-000102,implementation-capacity-and-org-design,demand-drivers-1.0.0,,,authoritative_workload,3,63,,hours,forecast,standard,curve_standard,2,build,,0.1.0
DMN-000065,SCN-000002,PRJ-000102,2027-01,ROL-000004,DMN-000065,forecast_project_effort,top_down,project,PRJ-000102,implementation-capacity-and-org-design,demand-drivers-1.0.0,,,authoritative_workload,3,84,,hours,forecast,standard,curve_standard,2,build,,0.1.0
DMN-000066,SCN-000002,PRJ-000102,2027-02,ROL-000001,DMN-000066,forecast_project_effort,top_down,project,PRJ-000102,implementation-capacity-and-org-design,demand-drivers-1.0.0,,,authoritative_workload,3,63,,hours,forecast,standard,curve_standard,3,build,,0.1.0
DMN-000067,SCN-000002,PRJ-000102,2027-02,ROL-000004,DMN-000067,forecast_project_effort,top_down,project,PRJ-000102,implementation-capacity-and-org-design,demand-drivers-1.0.0,,,authoritative_workload,3,84,,hours,forecast,standard,curve_standard,3,build,,0.1.0
DMN-000068,SCN-000002,PRJ-000102,2027-03,ROL-000001,DMN-000068,forecast_project_effort,top_down,project,PRJ-000102,implementation-capacity-and-org-design,demand-drivers-1.0.0,,,authoritative_workload,3,72,,hours,forecast,standard,curve_standard,4,validate+enable,,0.1.0
DMN-000069,SCN-000002,PRJ-000102,2027-03,ROL-000004,DMN-000069,forecast_project_effort,top_down,project,PRJ-000102,implementation-capacity-and-org-design,demand-drivers-1.0.0,,,authoritative_workload,3,96,,hours,forecast,standard,curve_standard,4,validate+enable,,0.1.0
DMN-000070,SCN-000002,PRJ-000102,2027-04,ROL-000001,DMN-000070,forecast_project_effort,top_down,project,PRJ-000102,implementation-capacity-and-org-design,demand-drivers-1.0.0,,,authoritative_workload,3,43.2,,hours,forecast,standard,curve_standard,5,launch+stabilize,,0.1.0
DMN-000071,SCN-000002,PRJ-000102,2027-04,ROL-000004,DMN-000071,forecast_project_effort,top_down,project,PRJ-000102,implementation-capacity-and-org-design,demand-drivers-1.0.0,,,authoritative_workload,3,57.6,,hours,forecast,standard,curve_standard,5,launch+stabilize,,0.1.0
DMN-000072,SCN-000002,PRJ-000102,2027-05,ROL-000001,DMN-000072,forecast_project_effort,top_down,project,PRJ-000102,implementation-capacity-and-org-design,demand-drivers-1.0.0,,,authoritative_workload,3,28.8,,hours,forecast,standard,curve_standard,6,transition+review,,0.1.0
DMN-000073,SCN-000002,PRJ-000102,2027-05,ROL-000004,DMN-000073,forecast_project_effort,top_down,project,PRJ-000102,implementation-capacity-and-org-design,demand-drivers-1.0.0,,,authoritative_workload,3,38.4,,hours,forecast,standard,curve_standard,6,transition+review,,0.1.0
DMN-000074,SCN-000002,PRJ-000103,2026-12,ROL-000001,DMN-000074,forecast_project_effort,top_down,project,PRJ-000103,implementation-capacity-and-org-design,demand-drivers-1.0.0,,,authoritative_workload,3,57.6,,hours,forecast,complex,curve_complex,0,initiate+discover,,0.1.0
DMN-000075,SCN-000002,PRJ-000103,2026-12,ROL-000004,DMN-000075,forecast_project_effort,top_down,project,PRJ-000103,implementation-capacity-and-org-design,demand-drivers-1.0.0,,,authoritative_workload,3,96,,hours,forecast,complex,curve_complex,0,initiate+discover,,0.1.0
DMN-000076,SCN-000002,PRJ-000103,2027-01,ROL-000001,DMN-000076,forecast_project_effort,top_down,project,PRJ-000103,implementation-capacity-and-org-design,demand-drivers-1.0.0,,,authoritative_workload,3,61.2,,hours,forecast,complex,curve_complex,1,design,,0.1.0
DMN-000077,SCN-000002,PRJ-000103,2027-01,ROL-000004,DMN-000077,forecast_project_effort,top_down,project,PRJ-000103,implementation-capacity-and-org-design,demand-drivers-1.0.0,,,authoritative_workload,3,102,,hours,forecast,complex,curve_complex,1,design,,0.1.0
DMN-000078,SCN-000002,PRJ-000103,2027-02,ROL-000001,DMN-000078,forecast_project_effort,top_down,project,PRJ-000103,implementation-capacity-and-org-design,demand-drivers-1.0.0,,,authoritative_workload,3,61.2,,hours,forecast,complex,curve_complex,2,design,,0.1.0
DMN-000079,SCN-000002,PRJ-000103,2027-02,ROL-000004,DMN-000079,forecast_project_effort,top_down,project,PRJ-000103,implementation-capacity-and-org-design,demand-drivers-1.0.0,,,authoritative_workload,3,102,,hours,forecast,complex,curve_complex,2,design,,0.1.0
DMN-000080,SCN-000002,PRJ-000103,2027-03,ROL-000001,DMN-000080,forecast_project_effort,top_down,project,PRJ-000103,implementation-capacity-and-org-design,demand-drivers-1.0.0,,,authoritative_workload,3,84,,hours,forecast,complex,curve_complex,3,build,,0.1.0
DMN-000081,SCN-000002,PRJ-000103,2027-03,ROL-000004,DMN-000081,forecast_project_effort,top_down,project,PRJ-000103,implementation-capacity-and-org-design,demand-drivers-1.0.0,,,authoritative_workload,3,140,,hours,forecast,complex,curve_complex,3,build,,0.1.0
DMN-000082,SCN-000002,PRJ-000103,2027-04,ROL-000001,DMN-000082,forecast_project_effort,top_down,project,PRJ-000103,implementation-capacity-and-org-design,demand-drivers-1.0.0,,,authoritative_workload,3,84,,hours,forecast,complex,curve_complex,4,build,,0.1.0
DMN-000083,SCN-000002,PRJ-000103,2027-04,ROL-000004,DMN-000083,forecast_project_effort,top_down,project,PRJ-000103,implementation-capacity-and-org-design,demand-drivers-1.0.0,,,authoritative_workload,3,140,,hours,forecast,complex,curve_complex,4,build,,0.1.0
DMN-000084,SCN-000002,PRJ-000103,2027-05,ROL-000001,DMN-000084,forecast_project_effort,top_down,project,PRJ-000103,implementation-capacity-and-org-design,demand-drivers-1.0.0,,,authoritative_workload,3,84,,hours,forecast,complex,curve_complex,5,build,,0.1.0
DMN-000085,SCN-000002,PRJ-000103,2027-05,ROL-000004,DMN-000085,forecast_project_effort,top_down,project,PRJ-000103,implementation-capacity-and-org-design,demand-drivers-1.0.0,,,authoritative_workload,3,140,,hours,forecast,complex,curve_complex,5,build,,0.1.0
DMN-000086,SCN-000002,PRJ-000103,2027-06,ROL-000001,DMN-000086,forecast_project_effort,top_down,project,PRJ-000103,implementation-capacity-and-org-design,demand-drivers-1.0.0,,,authoritative_workload,3,79.2,,hours,forecast,complex,curve_complex,6,validate+enable,,0.1.0
DMN-000087,SCN-000002,PRJ-000103,2027-06,ROL-000004,DMN-000087,forecast_project_effort,top_down,project,PRJ-000103,implementation-capacity-and-org-design,demand-drivers-1.0.0,,,authoritative_workload,3,132,,hours,forecast,complex,curve_complex,6,validate+enable,,0.1.0
DMN-000088,SCN-000003,PRJ-000104,2026-12,ROL-000001,DMN-000088,forecast_project_effort,top_down,project,PRJ-000104,implementation-capacity-and-org-design,demand-drivers-1.0.0,,,authoritative_workload,3,36,,hours,forecast,standard,curve_standard,0,initiate+discover,,0.1.0
DMN-000089,SCN-000003,PRJ-000104,2026-12,ROL-000004,DMN-000089,forecast_project_effort,top_down,project,PRJ-000104,implementation-capacity-and-org-design,demand-drivers-1.0.0,,,authoritative_workload,3,48,,hours,forecast,standard,curve_standard,0,initiate+discover,,0.1.0
DMN-000090,SCN-000003,PRJ-000104,2027-01,ROL-000001,DMN-000090,forecast_project_effort,top_down,project,PRJ-000104,implementation-capacity-and-org-design,demand-drivers-1.0.0,,,authoritative_workload,3,54,,hours,forecast,standard,curve_standard,1,design,,0.1.0
DMN-000091,SCN-000003,PRJ-000104,2027-01,ROL-000004,DMN-000091,forecast_project_effort,top_down,project,PRJ-000104,implementation-capacity-and-org-design,demand-drivers-1.0.0,,,authoritative_workload,3,72,,hours,forecast,standard,curve_standard,1,design,,0.1.0
DMN-000092,SCN-000003,PRJ-000104,2027-02,ROL-000001,DMN-000092,forecast_project_effort,top_down,project,PRJ-000104,implementation-capacity-and-org-design,demand-drivers-1.0.0,,,authoritative_workload,3,63,,hours,forecast,standard,curve_standard,2,build,,0.1.0
DMN-000093,SCN-000003,PRJ-000104,2027-02,ROL-000004,DMN-000093,forecast_project_effort,top_down,project,PRJ-000104,implementation-capacity-and-org-design,demand-drivers-1.0.0,,,authoritative_workload,3,84,,hours,forecast,standard,curve_standard,2,build,,0.1.0
DMN-000094,SCN-000003,PRJ-000104,2027-03,ROL-000001,DMN-000094,forecast_project_effort,top_down,project,PRJ-000104,implementation-capacity-and-org-design,demand-drivers-1.0.0,,,authoritative_workload,3,63,,hours,forecast,standard,curve_standard,3,build,,0.1.0
DMN-000095,SCN-000003,PRJ-000104,2027-03,ROL-000004,DMN-000095,forecast_project_effort,top_down,project,PRJ-000104,implementation-capacity-and-org-design,demand-drivers-1.0.0,,,authoritative_workload,3,84,,hours,forecast,standard,curve_standard,3,build,,0.1.0
DMN-000096,SCN-000003,PRJ-000104,2027-04,ROL-000001,DMN-000096,forecast_project_effort,top_down,project,PRJ-000104,implementation-capacity-and-org-design,demand-drivers-1.0.0,,,authoritative_workload,3,72,,hours,forecast,standard,curve_standard,4,validate+enable,,0.1.0
DMN-000097,SCN-000003,PRJ-000104,2027-04,ROL-000004,DMN-000097,forecast_project_effort,top_down,project,PRJ-000104,implementation-capacity-and-org-design,demand-drivers-1.0.0,,,authoritative_workload,3,96,,hours,forecast,standard,curve_standard,4,validate+enable,,0.1.0
DMN-000098,SCN-000003,PRJ-000104,2027-05,ROL-000001,DMN-000098,forecast_project_effort,top_down,project,PRJ-000104,implementation-capacity-and-org-design,demand-drivers-1.0.0,,,authoritative_workload,3,43.2,,hours,forecast,standard,curve_standard,5,launch+stabilize,,0.1.0
DMN-000099,SCN-000003,PRJ-000104,2027-05,ROL-000004,DMN-000099,forecast_project_effort,top_down,project,PRJ-000104,implementation-capacity-and-org-design,demand-drivers-1.0.0,,,authoritative_workload,3,57.6,,hours,forecast,standard,curve_standard,5,launch+stabilize,,0.1.0
DMN-000100,SCN-000003,PRJ-000104,2027-06,ROL-000001,DMN-000100,forecast_project_effort,top_down,project,PRJ-000104,implementation-capacity-and-org-design,demand-drivers-1.0.0,,,authoritative_workload,3,28.8,,hours,forecast,standard,curve_standard,6,transition+review,,0.1.0
DMN-000101,SCN-000003,PRJ-000104,2027-06,ROL-000004,DMN-000101,forecast_project_effort,top_down,project,PRJ-000104,implementation-capacity-and-org-design,demand-drivers-1.0.0,,,authoritative_workload,3,38.4,,hours,forecast,standard,curve_standard,6,transition+review,,0.1.0
DMN-000102,SCN-000003,PRJ-000105,2027-01,ROL-000001,DMN-000102,forecast_project_effort,top_down,project,PRJ-000105,implementation-capacity-and-org-design,demand-drivers-1.0.0,,,authoritative_workload,3,57.6,,hours,forecast,complex,curve_complex,0,initiate+discover,,0.1.0
DMN-000103,SCN-000003,PRJ-000105,2027-01,ROL-000004,DMN-000103,forecast_project_effort,top_down,project,PRJ-000105,implementation-capacity-and-org-design,demand-drivers-1.0.0,,,authoritative_workload,3,96,,hours,forecast,complex,curve_complex,0,initiate+discover,,0.1.0
DMN-000104,SCN-000003,PRJ-000105,2027-02,ROL-000001,DMN-000104,forecast_project_effort,top_down,project,PRJ-000105,implementation-capacity-and-org-design,demand-drivers-1.0.0,,,authoritative_workload,3,61.2,,hours,forecast,complex,curve_complex,1,design,,0.1.0
DMN-000105,SCN-000003,PRJ-000105,2027-02,ROL-000004,DMN-000105,forecast_project_effort,top_down,project,PRJ-000105,implementation-capacity-and-org-design,demand-drivers-1.0.0,,,authoritative_workload,3,102,,hours,forecast,complex,curve_complex,1,design,,0.1.0
DMN-000106,SCN-000003,PRJ-000105,2027-03,ROL-000001,DMN-000106,forecast_project_effort,top_down,project,PRJ-000105,implementation-capacity-and-org-design,demand-drivers-1.0.0,,,authoritative_workload,3,61.2,,hours,forecast,complex,curve_complex,2,design,,0.1.0
DMN-000107,SCN-000003,PRJ-000105,2027-03,ROL-000004,DMN-000107,forecast_project_effort,top_down,project,PRJ-000105,implementation-capacity-and-org-design,demand-drivers-1.0.0,,,authoritative_workload,3,102,,hours,forecast,complex,curve_complex,2,design,,0.1.0
DMN-000108,SCN-000003,PRJ-000105,2027-04,ROL-000001,DMN-000108,forecast_project_effort,top_down,project,PRJ-000105,implementation-capacity-and-org-design,demand-drivers-1.0.0,,,authoritative_workload,3,84,,hours,forecast,complex,curve_complex,3,build,,0.1.0
DMN-000109,SCN-000003,PRJ-000105,2027-04,ROL-000004,DMN-000109,forecast_project_effort,top_down,project,PRJ-000105,implementation-capacity-and-org-design,demand-drivers-1.0.0,,,authoritative_workload,3,140,,hours,forecast,complex,curve_complex,3,build,,0.1.0
DMN-000110,SCN-000003,PRJ-000105,2027-05,ROL-000001,DMN-000110,forecast_project_effort,top_down,project,PRJ-000105,implementation-capacity-and-org-design,demand-drivers-1.0.0,,,authoritative_workload,3,84,,hours,forecast,complex,curve_complex,4,build,,0.1.0
DMN-000111,SCN-000003,PRJ-000105,2027-05,ROL-000004,DMN-000111,forecast_project_effort,top_down,project,PRJ-000105,implementation-capacity-and-org-design,demand-drivers-1.0.0,,,authoritative_workload,3,140,,hours,forecast,complex,curve_complex,4,build,,0.1.0
DMN-000112,SCN-000003,PRJ-000105,2027-06,ROL-000001,DMN-000112,forecast_project_effort,top_down,project,PRJ-000105,implementation-capacity-and-org-design,demand-drivers-1.0.0,,,authoritative_workload,3,84,,hours,forecast,complex,curve_complex,5,build,,0.1.0
DMN-000113,SCN-000003,PRJ-000105,2027-06,ROL-000004,DMN-000113,forecast_project_effort,top_down,project,PRJ-000105,implementation-capacity-and-org-design,demand-drivers-1.0.0,,,authoritative_workload,3,140,,hours,forecast,complex,curve_complex,5,build,,0.1.0
DMN-000114,SCN-000004,PRJ-000106,2026-09,ROL-000001,DMN-000114,forecast_project_effort,top_down,project,PRJ-000106,implementation-capacity-and-org-design,demand-drivers-1.0.0,,,authoritative_workload,3,36,,hours,forecast,standard,curve_standard,0,initiate+discover,,0.1.0
DMN-000115,SCN-000004,PRJ-000106,2026-09,ROL-000004,DMN-000115,forecast_project_effort,top_down,project,PRJ-000106,implementation-capacity-and-org-design,demand-drivers-1.0.0,,,authoritative_workload,3,48,,hours,forecast,standard,curve_standard,0,initiate+discover,,0.1.0
DMN-000116,SCN-000004,PRJ-000106,2026-10,ROL-000001,DMN-000116,forecast_project_effort,top_down,project,PRJ-000106,implementation-capacity-and-org-design,demand-drivers-1.0.0,,,authoritative_workload,3,54,,hours,forecast,standard,curve_standard,1,design,,0.1.0
DMN-000117,SCN-000004,PRJ-000106,2026-10,ROL-000004,DMN-000117,forecast_project_effort,top_down,project,PRJ-000106,implementation-capacity-and-org-design,demand-drivers-1.0.0,,,authoritative_workload,3,72,,hours,forecast,standard,curve_standard,1,design,,0.1.0
DMN-000118,SCN-000004,PRJ-000106,2026-11,ROL-000001,DMN-000118,forecast_project_effort,top_down,project,PRJ-000106,implementation-capacity-and-org-design,demand-drivers-1.0.0,,,authoritative_workload,3,63,,hours,forecast,standard,curve_standard,2,build,,0.1.0
DMN-000119,SCN-000004,PRJ-000106,2026-11,ROL-000004,DMN-000119,forecast_project_effort,top_down,project,PRJ-000106,implementation-capacity-and-org-design,demand-drivers-1.0.0,,,authoritative_workload,3,84,,hours,forecast,standard,curve_standard,2,build,,0.1.0
DMN-000120,SCN-000004,PRJ-000106,2026-12,ROL-000001,DMN-000120,forecast_project_effort,top_down,project,PRJ-000106,implementation-capacity-and-org-design,demand-drivers-1.0.0,,,authoritative_workload,3,63,,hours,forecast,standard,curve_standard,3,build,,0.1.0
DMN-000121,SCN-000004,PRJ-000106,2026-12,ROL-000004,DMN-000121,forecast_project_effort,top_down,project,PRJ-000106,implementation-capacity-and-org-design,demand-drivers-1.0.0,,,authoritative_workload,3,84,,hours,forecast,standard,curve_standard,3,build,,0.1.0
DMN-000122,SCN-000004,PRJ-000106,2027-01,ROL-000001,DMN-000122,forecast_project_effort,top_down,project,PRJ-000106,implementation-capacity-and-org-design,demand-drivers-1.0.0,,,authoritative_workload,3,72,,hours,forecast,standard,curve_standard,4,validate+enable,,0.1.0
DMN-000123,SCN-000004,PRJ-000106,2027-01,ROL-000004,DMN-000123,forecast_project_effort,top_down,project,PRJ-000106,implementation-capacity-and-org-design,demand-drivers-1.0.0,,,authoritative_workload,3,96,,hours,forecast,standard,curve_standard,4,validate+enable,,0.1.0
DMN-000124,SCN-000004,PRJ-000106,2027-02,ROL-000001,DMN-000124,forecast_project_effort,top_down,project,PRJ-000106,implementation-capacity-and-org-design,demand-drivers-1.0.0,,,authoritative_workload,3,43.2,,hours,forecast,standard,curve_standard,5,launch+stabilize,,0.1.0
DMN-000125,SCN-000004,PRJ-000106,2027-02,ROL-000004,DMN-000125,forecast_project_effort,top_down,project,PRJ-000106,implementation-capacity-and-org-design,demand-drivers-1.0.0,,,authoritative_workload,3,57.6,,hours,forecast,standard,curve_standard,5,launch+stabilize,,0.1.0
DMN-000126,SCN-000004,PRJ-000106,2027-03,ROL-000001,DMN-000126,forecast_project_effort,top_down,project,PRJ-000106,implementation-capacity-and-org-design,demand-drivers-1.0.0,,,authoritative_workload,3,28.8,,hours,forecast,standard,curve_standard,6,transition+review,,0.1.0
DMN-000127,SCN-000004,PRJ-000106,2027-03,ROL-000004,DMN-000127,forecast_project_effort,top_down,project,PRJ-000106,implementation-capacity-and-org-design,demand-drivers-1.0.0,,,authoritative_workload,3,38.4,,hours,forecast,standard,curve_standard,6,transition+review,,0.1.0
DMN-000128,SCN-000004,PRJ-000107,2026-10,ROL-000001,DMN-000128,forecast_project_effort,top_down,project,PRJ-000107,implementation-capacity-and-org-design,demand-drivers-1.0.0,,,authoritative_workload,3,36,,hours,forecast,standard,curve_standard,0,initiate+discover,,0.1.0
DMN-000129,SCN-000004,PRJ-000107,2026-10,ROL-000004,DMN-000129,forecast_project_effort,top_down,project,PRJ-000107,implementation-capacity-and-org-design,demand-drivers-1.0.0,,,authoritative_workload,3,48,,hours,forecast,standard,curve_standard,0,initiate+discover,,0.1.0
DMN-000130,SCN-000004,PRJ-000107,2026-11,ROL-000001,DMN-000130,forecast_project_effort,top_down,project,PRJ-000107,implementation-capacity-and-org-design,demand-drivers-1.0.0,,,authoritative_workload,3,54,,hours,forecast,standard,curve_standard,1,design,,0.1.0
DMN-000131,SCN-000004,PRJ-000107,2026-11,ROL-000004,DMN-000131,forecast_project_effort,top_down,project,PRJ-000107,implementation-capacity-and-org-design,demand-drivers-1.0.0,,,authoritative_workload,3,72,,hours,forecast,standard,curve_standard,1,design,,0.1.0
DMN-000132,SCN-000004,PRJ-000107,2026-12,ROL-000001,DMN-000132,forecast_project_effort,top_down,project,PRJ-000107,implementation-capacity-and-org-design,demand-drivers-1.0.0,,,authoritative_workload,3,63,,hours,forecast,standard,curve_standard,2,build,,0.1.0
DMN-000133,SCN-000004,PRJ-000107,2026-12,ROL-000004,DMN-000133,forecast_project_effort,top_down,project,PRJ-000107,implementation-capacity-and-org-design,demand-drivers-1.0.0,,,authoritative_workload,3,84,,hours,forecast,standard,curve_standard,2,build,,0.1.0
DMN-000134,SCN-000004,PRJ-000107,2027-01,ROL-000001,DMN-000134,forecast_project_effort,top_down,project,PRJ-000107,implementation-capacity-and-org-design,demand-drivers-1.0.0,,,authoritative_workload,3,63,,hours,forecast,standard,curve_standard,3,build,,0.1.0
DMN-000135,SCN-000004,PRJ-000107,2027-01,ROL-000004,DMN-000135,forecast_project_effort,top_down,project,PRJ-000107,implementation-capacity-and-org-design,demand-drivers-1.0.0,,,authoritative_workload,3,84,,hours,forecast,standard,curve_standard,3,build,,0.1.0
DMN-000136,SCN-000004,PRJ-000107,2027-02,ROL-000001,DMN-000136,forecast_project_effort,top_down,project,PRJ-000107,implementation-capacity-and-org-design,demand-drivers-1.0.0,,,authoritative_workload,3,72,,hours,forecast,standard,curve_standard,4,validate+enable,,0.1.0
DMN-000137,SCN-000004,PRJ-000107,2027-02,ROL-000004,DMN-000137,forecast_project_effort,top_down,project,PRJ-000107,implementation-capacity-and-org-design,demand-drivers-1.0.0,,,authoritative_workload,3,96,,hours,forecast,standard,curve_standard,4,validate+enable,,0.1.0
DMN-000138,SCN-000004,PRJ-000107,2027-03,ROL-000001,DMN-000138,forecast_project_effort,top_down,project,PRJ-000107,implementation-capacity-and-org-design,demand-drivers-1.0.0,,,authoritative_workload,3,43.2,,hours,forecast,standard,curve_standard,5,launch+stabilize,,0.1.0
DMN-000139,SCN-000004,PRJ-000107,2027-03,ROL-000004,DMN-000139,forecast_project_effort,top_down,project,PRJ-000107,implementation-capacity-and-org-design,demand-drivers-1.0.0,,,authoritative_workload,3,57.6,,hours,forecast,standard,curve_standard,5,launch+stabilize,,0.1.0
DMN-000140,SCN-000004,PRJ-000107,2027-04,ROL-000001,DMN-000140,forecast_project_effort,top_down,project,PRJ-000107,implementation-capacity-and-org-design,demand-drivers-1.0.0,,,authoritative_workload,3,28.8,,hours,forecast,standard,curve_standard,6,transition+review,,0.1.0
DMN-000141,SCN-000004,PRJ-000107,2027-04,ROL-000004,DMN-000141,forecast_project_effort,top_down,project,PRJ-000107,implementation-capacity-and-org-design,demand-drivers-1.0.0,,,authoritative_workload,3,38.4,,hours,forecast,standard,curve_standard,6,transition+review,,0.1.0
DMN-000142,SCN-000004,PRJ-000108,2026-11,ROL-000001,DMN-000142,forecast_project_effort,top_down,project,PRJ-000108,implementation-capacity-and-org-design,demand-drivers-1.0.0,,,authoritative_workload,3,57.6,,hours,forecast,complex,curve_complex,0,initiate+discover,,0.1.0
DMN-000143,SCN-000004,PRJ-000108,2026-11,ROL-000004,DMN-000143,forecast_project_effort,top_down,project,PRJ-000108,implementation-capacity-and-org-design,demand-drivers-1.0.0,,,authoritative_workload,3,96,,hours,forecast,complex,curve_complex,0,initiate+discover,,0.1.0
DMN-000144,SCN-000004,PRJ-000108,2026-12,ROL-000001,DMN-000144,forecast_project_effort,top_down,project,PRJ-000108,implementation-capacity-and-org-design,demand-drivers-1.0.0,,,authoritative_workload,3,61.2,,hours,forecast,complex,curve_complex,1,design,,0.1.0
DMN-000145,SCN-000004,PRJ-000108,2026-12,ROL-000004,DMN-000145,forecast_project_effort,top_down,project,PRJ-000108,implementation-capacity-and-org-design,demand-drivers-1.0.0,,,authoritative_workload,3,102,,hours,forecast,complex,curve_complex,1,design,,0.1.0
DMN-000146,SCN-000004,PRJ-000108,2027-01,ROL-000001,DMN-000146,forecast_project_effort,top_down,project,PRJ-000108,implementation-capacity-and-org-design,demand-drivers-1.0.0,,,authoritative_workload,3,61.2,,hours,forecast,complex,curve_complex,2,design,,0.1.0
DMN-000147,SCN-000004,PRJ-000108,2027-01,ROL-000004,DMN-000147,forecast_project_effort,top_down,project,PRJ-000108,implementation-capacity-and-org-design,demand-drivers-1.0.0,,,authoritative_workload,3,102,,hours,forecast,complex,curve_complex,2,design,,0.1.0
DMN-000148,SCN-000004,PRJ-000108,2027-02,ROL-000001,DMN-000148,forecast_project_effort,top_down,project,PRJ-000108,implementation-capacity-and-org-design,demand-drivers-1.0.0,,,authoritative_workload,3,84,,hours,forecast,complex,curve_complex,3,build,,0.1.0
DMN-000149,SCN-000004,PRJ-000108,2027-02,ROL-000004,DMN-000149,forecast_project_effort,top_down,project,PRJ-000108,implementation-capacity-and-org-design,demand-drivers-1.0.0,,,authoritative_workload,3,140,,hours,forecast,complex,curve_complex,3,build,,0.1.0
DMN-000150,SCN-000004,PRJ-000108,2027-03,ROL-000001,DMN-000150,forecast_project_effort,top_down,project,PRJ-000108,implementation-capacity-and-org-design,demand-drivers-1.0.0,,,authoritative_workload,3,84,,hours,forecast,complex,curve_complex,4,build,,0.1.0
DMN-000151,SCN-000004,PRJ-000108,2027-03,ROL-000004,DMN-000151,forecast_project_effort,top_down,project,PRJ-000108,implementation-capacity-and-org-design,demand-drivers-1.0.0,,,authoritative_workload,3,140,,hours,forecast,complex,curve_complex,4,build,,0.1.0
DMN-000152,SCN-000004,PRJ-000108,2027-04,ROL-000001,DMN-000152,forecast_project_effort,top_down,project,PRJ-000108,implementation-capacity-and-org-design,demand-drivers-1.0.0,,,authoritative_workload,3,84,,hours,forecast,complex,curve_complex,5,build,,0.1.0
DMN-000153,SCN-000004,PRJ-000108,2027-04,ROL-000004,DMN-000153,forecast_project_effort,top_down,project,PRJ-000108,implementation-capacity-and-org-design,demand-drivers-1.0.0,,,authoritative_workload,3,140,,hours,forecast,complex,curve_complex,5,build,,0.1.0
DMN-000154,SCN-000004,PRJ-000108,2027-05,ROL-000001,DMN-000154,forecast_project_effort,top_down,project,PRJ-000108,implementation-capacity-and-org-design,demand-drivers-1.0.0,,,authoritative_workload,3,79.2,,hours,forecast,complex,curve_complex,6,validate+enable,,0.1.0
DMN-000155,SCN-000004,PRJ-000108,2027-05,ROL-000004,DMN-000155,forecast_project_effort,top_down,project,PRJ-000108,implementation-capacity-and-org-design,demand-drivers-1.0.0,,,authoritative_workload,3,132,,hours,forecast,complex,curve_complex,6,validate+enable,,0.1.0
DMN-000156,SCN-000004,PRJ-000108,2027-06,ROL-000001,DMN-000156,forecast_project_effort,top_down,project,PRJ-000108,implementation-capacity-and-org-design,demand-drivers-1.0.0,,,authoritative_workload,3,79.2,,hours,forecast,complex,curve_complex,7,validate+enable,,0.1.0
DMN-000157,SCN-000004,PRJ-000108,2027-06,ROL-000004,DMN-000157,forecast_project_effort,top_down,project,PRJ-000108,implementation-capacity-and-org-design,demand-drivers-1.0.0,,,authoritative_workload,3,132,,hours,forecast,complex,curve_complex,7,validate+enable,,0.1.0
DMN-000158,SCN-000004,PRJ-000109,2026-12,ROL-000001,DMN-000158,forecast_project_effort,top_down,project,PRJ-000109,implementation-capacity-and-org-design,demand-drivers-1.0.0,,,authoritative_workload,3,36,,hours,forecast,simple,curve_simple,0,initiate+discover+design,,0.1.0
DMN-000159,SCN-000004,PRJ-000109,2026-12,ROL-000004,DMN-000159,forecast_project_effort,top_down,project,PRJ-000109,implementation-capacity-and-org-design,demand-drivers-1.0.0,,,authoritative_workload,3,30,,hours,forecast,simple,curve_simple,0,initiate+discover+design,,0.1.0
DMN-000160,SCN-000004,PRJ-000109,2027-01,ROL-000001,DMN-000160,forecast_project_effort,top_down,project,PRJ-000109,implementation-capacity-and-org-design,demand-drivers-1.0.0,,,authoritative_workload,3,48,,hours,forecast,simple,curve_simple,1,build+validate,,0.1.0
DMN-000161,SCN-000004,PRJ-000109,2027-01,ROL-000004,DMN-000161,forecast_project_effort,top_down,project,PRJ-000109,implementation-capacity-and-org-design,demand-drivers-1.0.0,,,authoritative_workload,3,40,,hours,forecast,simple,curve_simple,1,build+validate,,0.1.0
DMN-000162,SCN-000004,PRJ-000109,2027-02,ROL-000001,DMN-000162,forecast_project_effort,top_down,project,PRJ-000109,implementation-capacity-and-org-design,demand-drivers-1.0.0,,,authoritative_workload,3,36,,hours,forecast,simple,curve_simple,2,enable+launch+stabilize+transition+review,,0.1.0
DMN-000163,SCN-000004,PRJ-000109,2027-02,ROL-000004,DMN-000163,forecast_project_effort,top_down,project,PRJ-000109,implementation-capacity-and-org-design,demand-drivers-1.0.0,,,authoritative_workload,3,30,,hours,forecast,simple,curve_simple,2,enable+launch+stabilize+transition+review,,0.1.0
DMN-000164,SCN-000004,PRJ-000110,2027-01,ROL-000001,DMN-000164,forecast_project_effort,top_down,project,PRJ-000110,implementation-capacity-and-org-design,demand-drivers-1.0.0,,,authoritative_workload,3,36,,hours,forecast,standard,curve_standard,0,initiate+discover,,0.1.0
DMN-000165,SCN-000004,PRJ-000110,2027-01,ROL-000004,DMN-000165,forecast_project_effort,top_down,project,PRJ-000110,implementation-capacity-and-org-design,demand-drivers-1.0.0,,,authoritative_workload,3,48,,hours,forecast,standard,curve_standard,0,initiate+discover,,0.1.0
DMN-000166,SCN-000004,PRJ-000110,2027-02,ROL-000001,DMN-000166,forecast_project_effort,top_down,project,PRJ-000110,implementation-capacity-and-org-design,demand-drivers-1.0.0,,,authoritative_workload,3,54,,hours,forecast,standard,curve_standard,1,design,,0.1.0
DMN-000167,SCN-000004,PRJ-000110,2027-02,ROL-000004,DMN-000167,forecast_project_effort,top_down,project,PRJ-000110,implementation-capacity-and-org-design,demand-drivers-1.0.0,,,authoritative_workload,3,72,,hours,forecast,standard,curve_standard,1,design,,0.1.0
DMN-000168,SCN-000004,PRJ-000110,2027-03,ROL-000001,DMN-000168,forecast_project_effort,top_down,project,PRJ-000110,implementation-capacity-and-org-design,demand-drivers-1.0.0,,,authoritative_workload,3,63,,hours,forecast,standard,curve_standard,2,build,,0.1.0
DMN-000169,SCN-000004,PRJ-000110,2027-03,ROL-000004,DMN-000169,forecast_project_effort,top_down,project,PRJ-000110,implementation-capacity-and-org-design,demand-drivers-1.0.0,,,authoritative_workload,3,84,,hours,forecast,standard,curve_standard,2,build,,0.1.0
DMN-000170,SCN-000004,PRJ-000110,2027-04,ROL-000001,DMN-000170,forecast_project_effort,top_down,project,PRJ-000110,implementation-capacity-and-org-design,demand-drivers-1.0.0,,,authoritative_workload,3,63,,hours,forecast,standard,curve_standard,3,build,,0.1.0
DMN-000171,SCN-000004,PRJ-000110,2027-04,ROL-000004,DMN-000171,forecast_project_effort,top_down,project,PRJ-000110,implementation-capacity-and-org-design,demand-drivers-1.0.0,,,authoritative_workload,3,84,,hours,forecast,standard,curve_standard,3,build,,0.1.0
DMN-000172,SCN-000004,PRJ-000110,2027-05,ROL-000001,DMN-000172,forecast_project_effort,top_down,project,PRJ-000110,implementation-capacity-and-org-design,demand-drivers-1.0.0,,,authoritative_workload,3,72,,hours,forecast,standard,curve_standard,4,validate+enable,,0.1.0
DMN-000173,SCN-000004,PRJ-000110,2027-05,ROL-000004,DMN-000173,forecast_project_effort,top_down,project,PRJ-000110,implementation-capacity-and-org-design,demand-drivers-1.0.0,,,authoritative_workload,3,96,,hours,forecast,standard,curve_standard,4,validate+enable,,0.1.0
DMN-000174,SCN-000004,PRJ-000110,2027-06,ROL-000001,DMN-000174,forecast_project_effort,top_down,project,PRJ-000110,implementation-capacity-and-org-design,demand-drivers-1.0.0,,,authoritative_workload,3,43.2,,hours,forecast,standard,curve_standard,5,launch+stabilize,,0.1.0
DMN-000175,SCN-000004,PRJ-000110,2027-06,ROL-000004,DMN-000175,forecast_project_effort,top_down,project,PRJ-000110,implementation-capacity-and-org-design,demand-drivers-1.0.0,,,authoritative_workload,3,57.6,,hours,forecast,standard,curve_standard,5,launch+stabilize,,0.1.0
DMN-000176,SCN-000004,PRJ-000111,2027-03,ROL-000001,DMN-000176,forecast_project_effort,top_down,project,PRJ-000111,implementation-capacity-and-org-design,demand-drivers-1.0.0,,,authoritative_workload,3,57.6,,hours,forecast,complex,curve_complex,0,initiate+discover,,0.1.0
DMN-000177,SCN-000004,PRJ-000111,2027-03,ROL-000004,DMN-000177,forecast_project_effort,top_down,project,PRJ-000111,implementation-capacity-and-org-design,demand-drivers-1.0.0,,,authoritative_workload,3,96,,hours,forecast,complex,curve_complex,0,initiate+discover,,0.1.0
DMN-000178,SCN-000004,PRJ-000111,2027-04,ROL-000001,DMN-000178,forecast_project_effort,top_down,project,PRJ-000111,implementation-capacity-and-org-design,demand-drivers-1.0.0,,,authoritative_workload,3,61.2,,hours,forecast,complex,curve_complex,1,design,,0.1.0
DMN-000179,SCN-000004,PRJ-000111,2027-04,ROL-000004,DMN-000179,forecast_project_effort,top_down,project,PRJ-000111,implementation-capacity-and-org-design,demand-drivers-1.0.0,,,authoritative_workload,3,102,,hours,forecast,complex,curve_complex,1,design,,0.1.0
DMN-000180,SCN-000004,PRJ-000111,2027-05,ROL-000001,DMN-000180,forecast_project_effort,top_down,project,PRJ-000111,implementation-capacity-and-org-design,demand-drivers-1.0.0,,,authoritative_workload,3,61.2,,hours,forecast,complex,curve_complex,2,design,,0.1.0
DMN-000181,SCN-000004,PRJ-000111,2027-05,ROL-000004,DMN-000181,forecast_project_effort,top_down,project,PRJ-000111,implementation-capacity-and-org-design,demand-drivers-1.0.0,,,authoritative_workload,3,102,,hours,forecast,complex,curve_complex,2,design,,0.1.0
DMN-000182,SCN-000004,PRJ-000111,2027-06,ROL-000001,DMN-000182,forecast_project_effort,top_down,project,PRJ-000111,implementation-capacity-and-org-design,demand-drivers-1.0.0,,,authoritative_workload,3,84,,hours,forecast,complex,curve_complex,3,build,,0.1.0
DMN-000183,SCN-000004,PRJ-000111,2027-06,ROL-000004,DMN-000183,forecast_project_effort,top_down,project,PRJ-000111,implementation-capacity-and-org-design,demand-drivers-1.0.0,,,authoritative_workload,3,140,,hours,forecast,complex,curve_complex,3,build,,0.1.0
DMN-000184,SCN-000004,PRJ-000112,2027-04,ROL-000001,DMN-000184,forecast_project_effort,top_down,project,PRJ-000112,implementation-capacity-and-org-design,demand-drivers-1.0.0,,,authoritative_workload,3,36,,hours,forecast,standard,curve_standard,0,initiate+discover,,0.1.0
DMN-000185,SCN-000004,PRJ-000112,2027-04,ROL-000004,DMN-000185,forecast_project_effort,top_down,project,PRJ-000112,implementation-capacity-and-org-design,demand-drivers-1.0.0,,,authoritative_workload,3,48,,hours,forecast,standard,curve_standard,0,initiate+discover,,0.1.0
DMN-000186,SCN-000004,PRJ-000112,2027-05,ROL-000001,DMN-000186,forecast_project_effort,top_down,project,PRJ-000112,implementation-capacity-and-org-design,demand-drivers-1.0.0,,,authoritative_workload,3,54,,hours,forecast,standard,curve_standard,1,design,,0.1.0
DMN-000187,SCN-000004,PRJ-000112,2027-05,ROL-000004,DMN-000187,forecast_project_effort,top_down,project,PRJ-000112,implementation-capacity-and-org-design,demand-drivers-1.0.0,,,authoritative_workload,3,72,,hours,forecast,standard,curve_standard,1,design,,0.1.0
DMN-000188,SCN-000004,PRJ-000112,2027-06,ROL-000001,DMN-000188,forecast_project_effort,top_down,project,PRJ-000112,implementation-capacity-and-org-design,demand-drivers-1.0.0,,,authoritative_workload,3,63,,hours,forecast,standard,curve_standard,2,build,,0.1.0
DMN-000189,SCN-000004,PRJ-000112,2027-06,ROL-000004,DMN-000189,forecast_project_effort,top_down,project,PRJ-000112,implementation-capacity-and-org-design,demand-drivers-1.0.0,,,authoritative_workload,3,84,,hours,forecast,standard,curve_standard,2,build,,0.1.0
DMN-000190,SCN-000004,PRJ-000113,2027-05,ROL-000001,DMN-000190,forecast_project_effort,top_down,project,PRJ-000113,implementation-capacity-and-org-design,demand-drivers-1.0.0,,,authoritative_workload,3,57.6,,hours,forecast,complex,curve_complex,0,initiate+discover,,0.1.0
DMN-000191,SCN-000004,PRJ-000113,2027-05,ROL-000004,DMN-000191,forecast_project_effort,top_down,project,PRJ-000113,implementation-capacity-and-org-design,demand-drivers-1.0.0,,,authoritative_workload,3,96,,hours,forecast,complex,curve_complex,0,initiate+discover,,0.1.0
DMN-000192,SCN-000004,PRJ-000113,2027-06,ROL-000001,DMN-000192,forecast_project_effort,top_down,project,PRJ-000113,implementation-capacity-and-org-design,demand-drivers-1.0.0,,,authoritative_workload,3,61.2,,hours,forecast,complex,curve_complex,1,design,,0.1.0
DMN-000193,SCN-000004,PRJ-000113,2027-06,ROL-000004,DMN-000193,forecast_project_effort,top_down,project,PRJ-000113,implementation-capacity-and-org-design,demand-drivers-1.0.0,,,authoritative_workload,3,102,,hours,forecast,complex,curve_complex,1,design,,0.1.0
