project_id,scenario_id,project_source,period,curve_phase_keys,complexity_tier,r1_complexity_profile_id,curve_id,curve_start_period,authoritative_demand_method,r1_target_launch_period,source_repo,source_version,schema_version
PRJ-000001,SCN-000001,r1,2026-09,build,standard,PRF-000002,curve_standard,2026-07,bottom_up,2026-12,implementation-operating-system,5adf58a,0.1.0
PRJ-000001,SCN-000001,r1,2026-10,build,standard,PRF-000002,curve_standard,2026-07,bottom_up,2026-12,implementation-operating-system,5adf58a,0.1.0
PRJ-000001,SCN-000001,r1,2026-11,validate+enable,standard,PRF-000002,curve_standard,2026-07,top_down,2026-12,implementation-operating-system,5adf58a,0.1.0
PRJ-000001,SCN-000001,r1,2026-12,launch+stabilize,standard,PRF-000002,curve_standard,2026-07,top_down,2026-12,implementation-operating-system,5adf58a,0.1.0
PRJ-000001,SCN-000001,r1,2027-01,transition+review,standard,PRF-000002,curve_standard,2026-07,top_down,2026-12,implementation-operating-system,5adf58a,0.1.0
PRJ-000002,SCN-000002,r1,2026-09,build,standard,PRF-000002,curve_standard,2026-06,bottom_up,2026-11,implementation-operating-system,5adf58a,0.1.0
PRJ-000002,SCN-000002,r1,2026-10,validate+enable,standard,PRF-000002,curve_standard,2026-06,bottom_up,2026-11,implementation-operating-system,5adf58a,0.1.0
PRJ-000002,SCN-000002,r1,2026-11,launch+stabilize,standard,PRF-000002,curve_standard,2026-06,top_down,2026-11,implementation-operating-system,5adf58a,0.1.0
PRJ-000002,SCN-000002,r1,2026-12,transition+review,standard,PRF-000002,curve_standard,2026-06,top_down,2026-11,implementation-operating-system,5adf58a,0.1.0
PRJ-000003,SCN-000003,r1,2026-09,validate+enable,standard,PRF-000002,curve_standard,2026-05,bottom_up,2026-10,implementation-operating-system,5adf58a,0.1.0
PRJ-000003,SCN-000003,r1,2026-10,launch+stabilize,standard,PRF-000002,curve_standard,2026-05,bottom_up,2026-10,implementation-operating-system,5adf58a,0.1.0
PRJ-000003,SCN-000003,r1,2026-11,transition+review,standard,PRF-000002,curve_standard,2026-05,top_down,2026-10,implementation-operating-system,5adf58a,0.1.0
PRJ-000101,SCN-000001,forecast,2027-01,initiate+discover+design,simple,,curve_simple,2027-01,top_down,,implementation-capacity-and-org-design,universe-1.0.0,0.1.0
PRJ-000101,SCN-000001,forecast,2027-02,build+validate,simple,,curve_simple,2027-01,top_down,,implementation-capacity-and-org-design,universe-1.0.0,0.1.0
PRJ-000101,SCN-000001,forecast,2027-03,enable+launch+stabilize+transition+review,simple,,curve_simple,2027-01,top_down,,implementation-capacity-and-org-design,universe-1.0.0,0.1.0
PRJ-000102,SCN-000002,forecast,2026-11,initiate+discover,standard,,curve_standard,2026-11,top_down,,implementation-capacity-and-org-design,universe-1.0.0,0.1.0
PRJ-000102,SCN-000002,forecast,2026-12,design,standard,,curve_standard,2026-11,top_down,,implementation-capacity-and-org-design,universe-1.0.0,0.1.0
PRJ-000102,SCN-000002,forecast,2027-01,build,standard,,curve_standard,2026-11,top_down,,implementation-capacity-and-org-design,universe-1.0.0,0.1.0
PRJ-000102,SCN-000002,forecast,2027-02,build,standard,,curve_standard,2026-11,top_down,,implementation-capacity-and-org-design,universe-1.0.0,0.1.0
PRJ-000102,SCN-000002,forecast,2027-03,validate+enable,standard,,curve_standard,2026-11,top_down,,implementation-capacity-and-org-design,universe-1.0.0,0.1.0
PRJ-000102,SCN-000002,forecast,2027-04,launch+stabilize,standard,,curve_standard,2026-11,top_down,,implementation-capacity-and-org-design,universe-1.0.0,0.1.0
PRJ-000102,SCN-000002,forecast,2027-05,transition+review,standard,,curve_standard,2026-11,top_down,,implementation-capacity-and-org-design,universe-1.0.0,0.1.0
PRJ-000103,SCN-000002,forecast,2026-12,initiate+discover,complex,,curve_complex,2026-12,top_down,,implementation-capacity-and-org-design,universe-1.0.0,0.1.0
PRJ-000103,SCN-000002,forecast,2027-01,design,complex,,curve_complex,2026-12,top_down,,implementation-capacity-and-org-design,universe-1.0.0,0.1.0
PRJ-000103,SCN-000002,forecast,2027-02,design,complex,,curve_complex,2026-12,top_down,,implementation-capacity-and-org-design,universe-1.0.0,0.1.0
PRJ-000103,SCN-000002,forecast,2027-03,build,complex,,curve_complex,2026-12,top_down,,implementation-capacity-and-org-design,universe-1.0.0,0.1.0
PRJ-000103,SCN-000002,forecast,2027-04,build,complex,,curve_complex,2026-12,top_down,,implementation-capacity-and-org-design,universe-1.0.0,0.1.0
PRJ-000103,SCN-000002,forecast,2027-05,build,complex,,curve_complex,2026-12,top_down,,implementation-capacity-and-org-design,universe-1.0.0,0.1.0
PRJ-000103,SCN-000002,forecast,2027-06,validate+enable,complex,,curve_complex,2026-12,top_down,,implementation-capacity-and-org-design,universe-1.0.0,0.1.0
PRJ-000104,SCN-000003,forecast,2026-12,initiate+discover,standard,,curve_standard,2026-12,top_down,,implementation-capacity-and-org-design,universe-1.0.0,0.1.0
PRJ-000104,SCN-000003,forecast,2027-01,design,standard,,curve_standard,2026-12,top_down,,implementation-capacity-and-org-design,universe-1.0.0,0.1.0
PRJ-000104,SCN-000003,forecast,2027-02,build,standard,,curve_standard,2026-12,top_down,,implementation-capacity-and-org-design,universe-1.0.0,0.1.0
PRJ-000104,SCN-000003,forecast,2027-03,build,standard,,curve_standard,2026-12,top_down,,implementation-capacity-and-org-design,universe-1.0.0,0.1.0
PRJ-000104,SCN-000003,forecast,2027-04,validate+enable,standard,,curve_standard,2026-12,top_down,,implementation-capacity-and-org-design,universe-1.0.0,0.1.0
PRJ-000104,SCN-000003,forecast,2027-05,launch+stabilize,standard,,curve_standard,2026-12,top_down,,implementation-capacity-and-org-design,universe-1.0.0,0.1.0
PRJ-000104,SCN-000003,forecast,2027-06,transition+review,standard,,curve_standard,2026-12,top_down,,implementation-capacity-and-org-design,universe-1.0.0,0.1.0
PRJ-000105,SCN-000003,forecast,2027-01,initiate+discover,complex,,curve_complex,2027-01,top_down,,implementation-capacity-and-org-design,universe-1.0.0,0.1.0
PRJ-000105,SCN-000003,forecast,2027-02,design,complex,,curve_complex,2027-01,top_down,,implementation-capacity-and-org-design,universe-1.0.0,0.1.0
PRJ-000105,SCN-000003,forecast,2027-03,design,complex,,curve_complex,2027-01,top_down,,implementation-capacity-and-org-design,universe-1.0.0,0.1.0
PRJ-000105,SCN-000003,forecast,2027-04,build,complex,,curve_complex,2027-01,top_down,,implementation-capacity-and-org-design,universe-1.0.0,0.1.0
PRJ-000105,SCN-000003,forecast,2027-05,build,complex,,curve_complex,2027-01,top_down,,implementation-capacity-and-org-design,universe-1.0.0,0.1.0
PRJ-000105,SCN-000003,forecast,2027-06,build,complex,,curve_complex,2027-01,top_down,,implementation-capacity-and-org-design,universe-1.0.0,0.1.0
PRJ-000106,SCN-000004,forecast,2026-09,initiate+discover,standard,,curve_standard,2026-09,top_down,,implementation-capacity-and-org-design,universe-1.0.0,0.1.0
PRJ-000106,SCN-000004,forecast,2026-10,design,standard,,curve_standard,2026-09,top_down,,implementation-capacity-and-org-design,universe-1.0.0,0.1.0
PRJ-000106,SCN-000004,forecast,2026-11,build,standard,,curve_standard,2026-09,top_down,,implementation-capacity-and-org-design,universe-1.0.0,0.1.0
PRJ-000106,SCN-000004,forecast,2026-12,build,standard,,curve_standard,2026-09,top_down,,implementation-capacity-and-org-design,universe-1.0.0,0.1.0
PRJ-000106,SCN-000004,forecast,2027-01,validate+enable,standard,,curve_standard,2026-09,top_down,,implementation-capacity-and-org-design,universe-1.0.0,0.1.0
PRJ-000106,SCN-000004,forecast,2027-02,launch+stabilize,standard,,curve_standard,2026-09,top_down,,implementation-capacity-and-org-design,universe-1.0.0,0.1.0
PRJ-000106,SCN-000004,forecast,2027-03,transition+review,standard,,curve_standard,2026-09,top_down,,implementation-capacity-and-org-design,universe-1.0.0,0.1.0
PRJ-000107,SCN-000004,forecast,2026-10,initiate+discover,standard,,curve_standard,2026-10,top_down,,implementation-capacity-and-org-design,universe-1.0.0,0.1.0
PRJ-000107,SCN-000004,forecast,2026-11,design,standard,,curve_standard,2026-10,top_down,,implementation-capacity-and-org-design,universe-1.0.0,0.1.0
PRJ-000107,SCN-000004,forecast,2026-12,build,standard,,curve_standard,2026-10,top_down,,implementation-capacity-and-org-design,universe-1.0.0,0.1.0
PRJ-000107,SCN-000004,forecast,2027-01,build,standard,,curve_standard,2026-10,top_down,,implementation-capacity-and-org-design,universe-1.0.0,0.1.0
PRJ-000107,SCN-000004,forecast,2027-02,validate+enable,standard,,curve_standard,2026-10,top_down,,implementation-capacity-and-org-design,universe-1.0.0,0.1.0
PRJ-000107,SCN-000004,forecast,2027-03,launch+stabilize,standard,,curve_standard,2026-10,top_down,,implementation-capacity-and-org-design,universe-1.0.0,0.1.0
PRJ-000107,SCN-000004,forecast,2027-04,transition+review,standard,,curve_standard,2026-10,top_down,,implementation-capacity-and-org-design,universe-1.0.0,0.1.0
PRJ-000108,SCN-000004,forecast,2026-11,initiate+discover,complex,,curve_complex,2026-11,top_down,,implementation-capacity-and-org-design,universe-1.0.0,0.1.0
PRJ-000108,SCN-000004,forecast,2026-12,design,complex,,curve_complex,2026-11,top_down,,implementation-capacity-and-org-design,universe-1.0.0,0.1.0
PRJ-000108,SCN-000004,forecast,2027-01,design,complex,,curve_complex,2026-11,top_down,,implementation-capacity-and-org-design,universe-1.0.0,0.1.0
PRJ-000108,SCN-000004,forecast,2027-02,build,complex,,curve_complex,2026-11,top_down,,implementation-capacity-and-org-design,universe-1.0.0,0.1.0
PRJ-000108,SCN-000004,forecast,2027-03,build,complex,,curve_complex,2026-11,top_down,,implementation-capacity-and-org-design,universe-1.0.0,0.1.0
PRJ-000108,SCN-000004,forecast,2027-04,build,complex,,curve_complex,2026-11,top_down,,implementation-capacity-and-org-design,universe-1.0.0,0.1.0
PRJ-000108,SCN-000004,forecast,2027-05,validate+enable,complex,,curve_complex,2026-11,top_down,,implementation-capacity-and-org-design,universe-1.0.0,0.1.0
PRJ-000108,SCN-000004,forecast,2027-06,validate+enable,complex,,curve_complex,2026-11,top_down,,implementation-capacity-and-org-design,universe-1.0.0,0.1.0
PRJ-000109,SCN-000004,forecast,2026-12,initiate+discover+design,simple,,curve_simple,2026-12,top_down,,implementation-capacity-and-org-design,universe-1.0.0,0.1.0
PRJ-000109,SCN-000004,forecast,2027-01,build+validate,simple,,curve_simple,2026-12,top_down,,implementation-capacity-and-org-design,universe-1.0.0,0.1.0
PRJ-000109,SCN-000004,forecast,2027-02,enable+launch+stabilize+transition+review,simple,,curve_simple,2026-12,top_down,,implementation-capacity-and-org-design,universe-1.0.0,0.1.0
PRJ-000110,SCN-000004,forecast,2027-01,initiate+discover,standard,,curve_standard,2027-01,top_down,,implementation-capacity-and-org-design,universe-1.0.0,0.1.0
PRJ-000110,SCN-000004,forecast,2027-02,design,standard,,curve_standard,2027-01,top_down,,implementation-capacity-and-org-design,universe-1.0.0,0.1.0
PRJ-000110,SCN-000004,forecast,2027-03,build,standard,,curve_standard,2027-01,top_down,,implementation-capacity-and-org-design,universe-1.0.0,0.1.0
PRJ-000110,SCN-000004,forecast,2027-04,build,standard,,curve_standard,2027-01,top_down,,implementation-capacity-and-org-design,universe-1.0.0,0.1.0
PRJ-000110,SCN-000004,forecast,2027-05,validate+enable,standard,,curve_standard,2027-01,top_down,,implementation-capacity-and-org-design,universe-1.0.0,0.1.0
PRJ-000110,SCN-000004,forecast,2027-06,launch+stabilize,standard,,curve_standard,2027-01,top_down,,implementation-capacity-and-org-design,universe-1.0.0,0.1.0
PRJ-000111,SCN-000004,forecast,2027-03,initiate+discover,complex,,curve_complex,2027-03,top_down,,implementation-capacity-and-org-design,universe-1.0.0,0.1.0
PRJ-000111,SCN-000004,forecast,2027-04,design,complex,,curve_complex,2027-03,top_down,,implementation-capacity-and-org-design,universe-1.0.0,0.1.0
PRJ-000111,SCN-000004,forecast,2027-05,design,complex,,curve_complex,2027-03,top_down,,implementation-capacity-and-org-design,universe-1.0.0,0.1.0
PRJ-000111,SCN-000004,forecast,2027-06,build,complex,,curve_complex,2027-03,top_down,,implementation-capacity-and-org-design,universe-1.0.0,0.1.0
PRJ-000112,SCN-000004,forecast,2027-04,initiate+discover,standard,,curve_standard,2027-04,top_down,,implementation-capacity-and-org-design,universe-1.0.0,0.1.0
PRJ-000112,SCN-000004,forecast,2027-05,design,standard,,curve_standard,2027-04,top_down,,implementation-capacity-and-org-design,universe-1.0.0,0.1.0
PRJ-000112,SCN-000004,forecast,2027-06,build,standard,,curve_standard,2027-04,top_down,,implementation-capacity-and-org-design,universe-1.0.0,0.1.0
PRJ-000113,SCN-000004,forecast,2027-05,initiate+discover,complex,,curve_complex,2027-05,top_down,,implementation-capacity-and-org-design,universe-1.0.0,0.1.0
PRJ-000113,SCN-000004,forecast,2027-06,design,complex,,curve_complex,2027-05,top_down,,implementation-capacity-and-org-design,universe-1.0.0,0.1.0
