role_capacity_id,scenario_id,role_id,period,person_count,scheduled_work_hours,unavailable_hours,gross_available_hours,non_project_hours,training_hours,other_capacity_reduction_hours,project_available_hours,ramp_loss_hours,mentor_hours,effective_capacity_hours,supply_record_ids,schema_version
RCP-000001,SCN-000001,ROL-000001,2026-09,1,112,0,112,16,0,0,96,0,0,96,SUP-000001,0.1.0
RCP-000002,SCN-000001,ROL-000001,2026-10,1,112,0,112,16,0,0,96,0,0,96,SUP-000002,0.1.0
RCP-000003,SCN-000001,ROL-000001,2026-11,1,112,0,112,16,0,0,96,0,0,96,SUP-000003,0.1.0
RCP-000004,SCN-000001,ROL-000001,2026-12,1,112,16,96,16,0,0,80,0,0,80,SUP-000004,0.1.0
RCP-000005,SCN-000001,ROL-000001,2027-01,1,112,0,112,16,0,0,96,0,0,96,SUP-000005,0.1.0
RCP-000006,SCN-000001,ROL-000001,2027-02,1,112,0,112,16,0,0,96,0,0,96,SUP-000006,0.1.0
RCP-000007,SCN-000001,ROL-000001,2027-03,1,112,0,112,16,0,0,96,0,0,96,SUP-000007,0.1.0
RCP-000008,SCN-000001,ROL-000001,2027-04,1,112,0,112,16,0,0,96,0,0,96,SUP-000008,0.1.0
RCP-000009,SCN-000001,ROL-000001,2027-05,1,112,0,112,16,0,0,96,0,0,96,SUP-000009,0.1.0
RCP-000010,SCN-000001,ROL-000001,2027-06,1,112,0,112,16,0,0,96,0,0,96,SUP-000010,0.1.0
RCP-000011,SCN-000001,ROL-000004,2026-09,1,24,0,24,0,0,0,24,0,0,24,SUP-000011,0.1.0
RCP-000012,SCN-000001,ROL-000004,2026-10,1,24,0,24,0,0,0,24,0,0,24,SUP-000012,0.1.0
RCP-000013,SCN-000001,ROL-000004,2026-11,1,24,0,24,0,0,0,24,0,0,24,SUP-000013,0.1.0
RCP-000014,SCN-000001,ROL-000004,2026-12,1,24,0,24,0,0,0,24,0,0,24,SUP-000014,0.1.0
RCP-000015,SCN-000001,ROL-000004,2027-01,1,24,0,24,0,0,0,24,0,0,24,SUP-000015,0.1.0
RCP-000016,SCN-000001,ROL-000004,2027-02,1,24,0,24,0,0,0,24,0,0,24,SUP-000016,0.1.0
RCP-000017,SCN-000001,ROL-000004,2027-03,1,24,0,24,0,0,0,24,0,0,24,SUP-000017,0.1.0
RCP-000018,SCN-000001,ROL-000004,2027-04,1,24,0,24,0,0,0,24,0,0,24,SUP-000018,0.1.0
RCP-000019,SCN-000001,ROL-000004,2027-05,1,24,0,24,0,0,0,24,0,0,24,SUP-000019,0.1.0
RCP-000020,SCN-000001,ROL-000004,2027-06,1,24,0,24,0,0,0,24,0,0,24,SUP-000020,0.1.0
RCP-000021,SCN-000001,ROL-000005,2026-09,1,16,0,16,0,0,0,16,0,0,16,SUP-000021,0.1.0
RCP-000022,SCN-000001,ROL-000005,2026-10,1,16,0,16,0,0,0,16,0,0,16,SUP-000022,0.1.0
RCP-000023,SCN-000001,ROL-000005,2026-11,1,16,0,16,0,0,0,16,0,0,16,SUP-000023,0.1.0
RCP-000024,SCN-000001,ROL-000005,2026-12,1,16,0,16,0,0,0,16,0,0,16,SUP-000024,0.1.0
RCP-000025,SCN-000001,ROL-000005,2027-01,1,16,0,16,0,0,0,16,0,0,16,SUP-000025,0.1.0
RCP-000026,SCN-000001,ROL-000005,2027-02,1,16,0,16,0,0,0,16,0,0,16,SUP-000026,0.1.0
RCP-000027,SCN-000001,ROL-000005,2027-03,1,16,0,16,0,0,0,16,0,0,16,SUP-000027,0.1.0
RCP-000028,SCN-000001,ROL-000005,2027-04,1,16,0,16,0,0,0,16,0,0,16,SUP-000028,0.1.0
RCP-000029,SCN-000001,ROL-000005,2027-05,1,16,0,16,0,0,0,16,0,0,16,SUP-000029,0.1.0
RCP-000030,SCN-000001,ROL-000005,2027-06,1,16,0,16,0,0,0,16,0,0,16,SUP-000030,0.1.0
RCP-000031,SCN-000001,ROL-000006,2026-09,1,8,0,8,0,0,0,8,0,0,8,SUP-000031,0.1.0
RCP-000032,SCN-000001,ROL-000006,2026-10,1,8,0,8,0,0,0,8,0,0,8,SUP-000032,0.1.0
RCP-000033,SCN-000001,ROL-000006,2026-11,1,8,0,8,0,0,0,8,0,0,8,SUP-000033,0.1.0
RCP-000034,SCN-000001,ROL-000006,2026-12,1,8,0,8,0,0,0,8,0,0,8,SUP-000034,0.1.0
RCP-000035,SCN-000001,ROL-000006,2027-01,1,8,0,8,0,0,0,8,0,0,8,SUP-000035,0.1.0
RCP-000036,SCN-000001,ROL-000006,2027-02,1,8,0,8,0,0,0,8,0,0,8,SUP-000036,0.1.0
RCP-000037,SCN-000001,ROL-000006,2027-03,1,8,0,8,0,0,0,8,0,0,8,SUP-000037,0.1.0
RCP-000038,SCN-000001,ROL-000006,2027-04,1,8,0,8,0,0,0,8,0,0,8,SUP-000038,0.1.0
RCP-000039,SCN-000001,ROL-000006,2027-05,1,8,0,8,0,0,0,8,0,0,8,SUP-000039,0.1.0
RCP-000040,SCN-000001,ROL-000006,2027-06,1,8,0,8,0,0,0,8,0,0,8,SUP-000040,0.1.0
RCP-000041,SCN-000002,ROL-000001,2026-09,1,160,0,160,24,0,0,136,0,0,136,SUP-000041,0.1.0
RCP-000042,SCN-000002,ROL-000001,2026-10,1,160,0,160,24,0,0,136,0,0,136,SUP-000042,0.1.0
RCP-000043,SCN-000002,ROL-000001,2026-11,1,160,0,160,24,0,0,136,0,0,136,SUP-000043,0.1.0
RCP-000044,SCN-000002,ROL-000001,2026-12,1,160,0,160,24,0,0,136,0,0,136,SUP-000044,0.1.0
RCP-000045,SCN-000002,ROL-000001,2027-01,1,160,0,160,24,0,0,136,0,0,136,SUP-000045,0.1.0
RCP-000046,SCN-000002,ROL-000001,2027-02,1,160,0,160,24,0,0,136,0,0,136,SUP-000046,0.1.0
RCP-000047,SCN-000002,ROL-000001,2027-03,1,160,0,160,24,0,0,136,0,0,136,SUP-000047,0.1.0
RCP-000048,SCN-000002,ROL-000001,2027-04,1,160,0,160,24,0,0,136,0,0,136,SUP-000048,0.1.0
RCP-000049,SCN-000002,ROL-000001,2027-05,1,160,0,160,24,0,0,136,0,0,136,SUP-000049,0.1.0
RCP-000050,SCN-000002,ROL-000001,2027-06,1,160,0,160,24,0,0,136,0,0,136,SUP-000050,0.1.0
RCP-000051,SCN-000002,ROL-000004,2026-09,1,160,0,160,16,0,0,144,0,0,144,SUP-000051,0.1.0
RCP-000052,SCN-000002,ROL-000004,2026-10,1,160,0,160,16,0,0,144,0,0,144,SUP-000052,0.1.0
RCP-000053,SCN-000002,ROL-000004,2026-11,2,320,80,240,24,32,0,184,30,24,130,SUP-000053;SUP-000061,0.1.0
RCP-000054,SCN-000002,ROL-000004,2026-12,2,320,0,320,24,24,0,272,64,16,192,SUP-000054;SUP-000062,0.1.0
RCP-000055,SCN-000002,ROL-000004,2027-01,2,320,0,320,24,8,0,288,36,8,244,SUP-000055;SUP-000063,0.1.0
RCP-000056,SCN-000002,ROL-000004,2027-02,2,320,0,320,24,0,0,296,0,0,296,SUP-000056;SUP-000064,0.1.0
RCP-000057,SCN-000002,ROL-000004,2027-03,2,320,0,320,24,0,0,296,0,0,296,SUP-000057;SUP-000065,0.1.0
RCP-000058,SCN-000002,ROL-000004,2027-04,2,320,0,320,24,0,0,296,0,0,296,SUP-000058;SUP-000066,0.1.0
RCP-000059,SCN-000002,ROL-000004,2027-05,2,320,0,320,24,0,0,296,0,0,296,SUP-000059;SUP-000067,0.1.0
RCP-000060,SCN-000002,ROL-000004,2027-06,2,320,0,320,24,0,0,296,0,0,296,SUP-000060;SUP-000068,0.1.0
RCP-000061,SCN-000003,ROL-000001,2026-09,1,160,0,160,32,0,0,128,0,0,128,SUP-000069,0.1.0
RCP-000062,SCN-000003,ROL-000001,2026-10,1,160,0,160,32,0,0,128,0,0,128,SUP-000070,0.1.0
RCP-000063,SCN-000003,ROL-000001,2026-11,1,160,0,160,32,0,0,128,0,0,128,SUP-000071,0.1.0
RCP-000064,SCN-000003,ROL-000001,2026-12,1,160,0,160,32,0,0,128,0,0,128,SUP-000072,0.1.0
RCP-000065,SCN-000003,ROL-000001,2027-01,1,160,0,160,32,0,0,128,0,0,128,SUP-000073,0.1.0
RCP-000066,SCN-000003,ROL-000001,2027-02,1,160,0,160,32,0,0,128,0,0,128,SUP-000074,0.1.0
RCP-000067,SCN-000003,ROL-000001,2027-03,1,160,0,160,32,0,0,128,0,0,128,SUP-000075,0.1.0
RCP-000068,SCN-000003,ROL-000001,2027-04,1,160,0,160,32,0,0,128,0,0,128,SUP-000076,0.1.0
RCP-000069,SCN-000003,ROL-000001,2027-05,1,160,0,160,32,0,0,128,0,0,128,SUP-000077,0.1.0
RCP-000070,SCN-000003,ROL-000001,2027-06,1,160,0,160,32,0,0,128,0,0,128,SUP-000078,0.1.0
RCP-000071,SCN-000003,ROL-000004,2026-09,1,160,0,160,16,0,0,144,0,0,144,SUP-000099,0.1.0
RCP-000072,SCN-000003,ROL-000004,2026-10,1,160,0,160,16,0,0,144,0,0,144,SUP-000100,0.1.0
RCP-000073,SCN-000003,ROL-000004,2026-11,1,160,0,160,16,0,0,144,0,0,144,SUP-000101,0.1.0
RCP-000074,SCN-000003,ROL-000004,2026-12,1,160,0,160,16,0,0,144,0,0,144,SUP-000102,0.1.0
RCP-000075,SCN-000003,ROL-000004,2027-01,1,160,0,160,16,0,0,144,0,0,144,SUP-000103,0.1.0
RCP-000076,SCN-000003,ROL-000004,2027-02,1,160,0,160,16,0,0,144,0,0,144,SUP-000104,0.1.0
RCP-000077,SCN-000003,ROL-000004,2027-03,1,160,0,160,16,0,0,144,0,0,144,SUP-000105,0.1.0
RCP-000078,SCN-000003,ROL-000004,2027-04,1,160,0,160,16,0,0,144,0,0,144,SUP-000106,0.1.0
RCP-000079,SCN-000003,ROL-000004,2027-05,1,160,0,160,16,0,0,144,0,0,144,SUP-000107,0.1.0
RCP-000080,SCN-000003,ROL-000004,2027-06,1,160,0,160,16,0,0,144,0,0,144,SUP-000108,0.1.0
RCP-000081,SCN-000003,ROL-000005,2026-09,1,160,0,160,24,0,0,136,0,0,136,SUP-000089,0.1.0
RCP-000082,SCN-000003,ROL-000005,2026-10,1,160,0,160,24,0,0,136,0,0,136,SUP-000090,0.1.0
RCP-000083,SCN-000003,ROL-000005,2026-11,1,160,0,160,24,0,0,136,0,0,136,SUP-000091,0.1.0
RCP-000084,SCN-000003,ROL-000005,2026-12,1,160,0,160,24,0,0,136,0,0,136,SUP-000092,0.1.0
RCP-000085,SCN-000003,ROL-000005,2027-01,1,160,0,160,24,0,0,136,0,0,136,SUP-000093,0.1.0
RCP-000086,SCN-000003,ROL-000005,2027-02,1,160,0,160,24,0,0,136,0,0,136,SUP-000094,0.1.0
RCP-000087,SCN-000003,ROL-000005,2027-03,1,160,0,160,24,0,0,136,0,0,136,SUP-000095,0.1.0
RCP-000088,SCN-000003,ROL-000005,2027-04,1,160,0,160,24,0,0,136,0,0,136,SUP-000096,0.1.0
RCP-000089,SCN-000003,ROL-000005,2027-05,1,160,0,160,24,0,0,136,0,0,136,SUP-000097,0.1.0
RCP-000090,SCN-000003,ROL-000005,2027-06,1,160,0,160,24,0,0,136,0,0,136,SUP-000098,0.1.0
RCP-000091,SCN-000003,ROL-000006,2026-09,1,160,0,160,40,0,0,120,0,0,120,SUP-000079,0.1.0
RCP-000092,SCN-000003,ROL-000006,2026-10,1,160,0,160,40,0,0,120,0,0,120,SUP-000080,0.1.0
RCP-000093,SCN-000003,ROL-000006,2026-11,1,160,0,160,40,0,0,120,0,0,120,SUP-000081,0.1.0
RCP-000094,SCN-000003,ROL-000006,2026-12,1,160,0,160,40,0,0,120,0,0,120,SUP-000082,0.1.0
RCP-000095,SCN-000003,ROL-000006,2027-01,1,160,0,160,40,0,0,120,0,0,120,SUP-000083,0.1.0
RCP-000096,SCN-000003,ROL-000006,2027-02,1,160,0,160,40,0,0,120,0,0,120,SUP-000084,0.1.0
RCP-000097,SCN-000003,ROL-000006,2027-03,1,160,0,160,40,0,0,120,0,0,120,SUP-000085,0.1.0
RCP-000098,SCN-000003,ROL-000006,2027-04,1,160,0,160,40,0,0,120,0,0,120,SUP-000086,0.1.0
RCP-000099,SCN-000003,ROL-000006,2027-05,1,160,0,160,40,0,0,120,0,0,120,SUP-000087,0.1.0
RCP-000100,SCN-000003,ROL-000006,2027-06,1,160,0,160,40,0,0,120,0,0,120,SUP-000088,0.1.0
RCP-000101,SCN-000004,ROL-000001,2026-09,2,320,0,320,48,0,0,272,0,0,272,SUP-000109;SUP-000119,0.1.0
RCP-000102,SCN-000004,ROL-000001,2026-10,2,320,0,320,48,0,0,272,0,0,272,SUP-000110;SUP-000120,0.1.0
RCP-000103,SCN-000004,ROL-000001,2026-11,2,320,0,320,48,0,0,272,0,0,272,SUP-000111;SUP-000121,0.1.0
RCP-000104,SCN-000004,ROL-000001,2026-12,2,320,0,320,48,0,0,272,0,0,272,SUP-000112;SUP-000122,0.1.0
RCP-000105,SCN-000004,ROL-000001,2027-01,2,320,0,320,48,0,0,272,0,0,272,SUP-000113;SUP-000123,0.1.0
RCP-000106,SCN-000004,ROL-000001,2027-02,2,320,0,320,48,0,0,272,0,0,272,SUP-000114;SUP-000124,0.1.0
RCP-000107,SCN-000004,ROL-000001,2027-03,2,320,0,320,48,0,0,272,0,0,272,SUP-000115;SUP-000125,0.1.0
RCP-000108,SCN-000004,ROL-000001,2027-04,2,320,0,320,48,0,0,272,0,0,272,SUP-000116;SUP-000126,0.1.0
RCP-000109,SCN-000004,ROL-000001,2027-05,2,320,0,320,48,0,0,272,0,0,272,SUP-000117;SUP-000127,0.1.0
RCP-000110,SCN-000004,ROL-000001,2027-06,2,320,0,320,48,0,0,272,0,0,272,SUP-000118;SUP-000128,0.1.0
RCP-000111,SCN-000004,ROL-000004,2026-09,3,480,0,480,48,0,0,432,0,0,432,SUP-000129;SUP-000159;SUP-000169,0.1.0
RCP-000112,SCN-000004,ROL-000004,2026-10,3,480,0,480,48,0,0,432,0,0,432,SUP-000130;SUP-000160;SUP-000170,0.1.0
RCP-000113,SCN-000004,ROL-000004,2026-11,3,480,0,480,48,0,0,432,0,0,432,SUP-000131;SUP-000161;SUP-000171,0.1.0
RCP-000114,SCN-000004,ROL-000004,2026-12,3,480,0,480,48,0,0,432,0,0,432,SUP-000132;SUP-000162;SUP-000172,0.1.0
RCP-000115,SCN-000004,ROL-000004,2027-01,3,480,0,480,48,0,0,432,0,0,432,SUP-000133;SUP-000163;SUP-000173,0.1.0
RCP-000116,SCN-000004,ROL-000004,2027-02,3,480,0,480,48,0,0,432,0,0,432,SUP-000134;SUP-000164;SUP-000174,0.1.0
RCP-000117,SCN-000004,ROL-000004,2027-03,3,480,0,480,48,0,0,432,0,0,432,SUP-000135;SUP-000165;SUP-000175,0.1.0
RCP-000118,SCN-000004,ROL-000004,2027-04,3,480,0,480,48,0,0,432,0,0,432,SUP-000136;SUP-000166;SUP-000176,0.1.0
RCP-000119,SCN-000004,ROL-000004,2027-05,3,480,0,480,48,0,0,432,0,0,432,SUP-000137;SUP-000167;SUP-000177,0.1.0
RCP-000120,SCN-000004,ROL-000004,2027-06,3,480,0,480,48,0,0,432,0,0,432,SUP-000138;SUP-000168;SUP-000178,0.1.0
RCP-000121,SCN-000004,ROL-000005,2026-09,1,160,0,160,16,0,0,144,0,0,144,SUP-000139,0.1.0
RCP-000122,SCN-000004,ROL-000005,2026-10,1,160,0,160,16,0,0,144,0,0,144,SUP-000140,0.1.0
RCP-000123,SCN-000004,ROL-000005,2026-11,1,160,0,160,16,0,0,144,0,0,144,SUP-000141,0.1.0
RCP-000124,SCN-000004,ROL-000005,2026-12,1,160,0,160,16,0,0,144,0,0,144,SUP-000142,0.1.0
RCP-000125,SCN-000004,ROL-000005,2027-01,1,160,0,160,16,0,0,144,0,0,144,SUP-000143,0.1.0
RCP-000126,SCN-000004,ROL-000005,2027-02,1,160,160,0,0,0,0,0,0,0,0,SUP-000144,0.1.0
RCP-000127,SCN-000004,ROL-000005,2027-03,1,160,0,160,16,0,0,144,0,0,144,SUP-000145,0.1.0
RCP-000128,SCN-000004,ROL-000005,2027-04,1,160,0,160,16,0,0,144,0,0,144,SUP-000146,0.1.0
RCP-000129,SCN-000004,ROL-000005,2027-05,1,160,0,160,16,0,0,144,0,0,144,SUP-000147,0.1.0
RCP-000130,SCN-000004,ROL-000005,2027-06,1,160,0,160,16,0,0,144,0,0,144,SUP-000148,0.1.0
RCP-000131,SCN-000004,ROL-000006,2026-09,1,160,0,160,32,0,0,128,0,0,128,SUP-000149,0.1.0
RCP-000132,SCN-000004,ROL-000006,2026-10,1,160,0,160,32,0,0,128,0,0,128,SUP-000150,0.1.0
RCP-000133,SCN-000004,ROL-000006,2026-11,1,160,0,160,32,0,0,128,0,0,128,SUP-000151,0.1.0
RCP-000134,SCN-000004,ROL-000006,2026-12,1,160,0,160,32,0,0,128,0,0,128,SUP-000152,0.1.0
RCP-000135,SCN-000004,ROL-000006,2027-01,1,160,0,160,32,0,0,128,0,0,128,SUP-000153,0.1.0
RCP-000136,SCN-000004,ROL-000006,2027-02,1,160,0,160,32,0,0,128,0,0,128,SUP-000154,0.1.0
RCP-000137,SCN-000004,ROL-000006,2027-03,1,160,0,160,32,0,0,128,0,0,128,SUP-000155,0.1.0
RCP-000138,SCN-000004,ROL-000006,2027-04,1,160,0,160,32,0,0,128,0,0,128,SUP-000156,0.1.0
RCP-000139,SCN-000004,ROL-000006,2027-05,1,160,0,160,32,0,0,128,0,0,128,SUP-000157,0.1.0
RCP-000140,SCN-000004,ROL-000006,2027-06,1,160,0,160,32,0,0,128,0,0,128,SUP-000158,0.1.0
