supply_record_id,scenario_id,person_id,role_id,period,scheduled_work_hours,unavailable_hours,gross_available_hours,non_project_hours,training_hours,other_capacity_reduction_hours,project_available_hours,ramp_factor,ramp_adjusted_hours,ramp_loss_hours,mentor_hours,effective_capacity_hours,mentor_person_id,mentee_person_id,ramp_source,value_basis,unit,notes,schema_version
SUP-000001,SCN-000001,PER-000001,ROL-000001,2026-09,112,0,112,16,0,0,96,1,96,0,0,96,,,fully_ramped_default,forecast,hours,,0.1.0
SUP-000002,SCN-000001,PER-000001,ROL-000001,2026-10,112,0,112,16,0,0,96,1,96,0,0,96,,,fully_ramped_default,forecast,hours,,0.1.0
SUP-000003,SCN-000001,PER-000001,ROL-000001,2026-11,112,0,112,16,0,0,96,1,96,0,0,96,,,fully_ramped_default,forecast,hours,,0.1.0
SUP-000004,SCN-000001,PER-000001,ROL-000001,2026-12,112,16,96,16,0,0,80,1,80,0,0,80,,,fully_ramped_default,forecast,hours,planned holiday,0.1.0
SUP-000005,SCN-000001,PER-000001,ROL-000001,2027-01,112,0,112,16,0,0,96,1,96,0,0,96,,,fully_ramped_default,forecast,hours,,0.1.0
SUP-000006,SCN-000001,PER-000001,ROL-000001,2027-02,112,0,112,16,0,0,96,1,96,0,0,96,,,fully_ramped_default,forecast,hours,,0.1.0
SUP-000007,SCN-000001,PER-000001,ROL-000001,2027-03,112,0,112,16,0,0,96,1,96,0,0,96,,,fully_ramped_default,forecast,hours,,0.1.0
SUP-000008,SCN-000001,PER-000001,ROL-000001,2027-04,112,0,112,16,0,0,96,1,96,0,0,96,,,fully_ramped_default,forecast,hours,,0.1.0
SUP-000009,SCN-000001,PER-000001,ROL-000001,2027-05,112,0,112,16,0,0,96,1,96,0,0,96,,,fully_ramped_default,forecast,hours,,0.1.0
SUP-000010,SCN-000001,PER-000001,ROL-000001,2027-06,112,0,112,16,0,0,96,1,96,0,0,96,,,fully_ramped_default,forecast,hours,,0.1.0
SUP-000011,SCN-000001,PER-000001,ROL-000004,2026-09,24,0,24,0,0,0,24,1,24,0,0,24,,,fully_ramped_default,forecast,hours,,0.1.0
SUP-000012,SCN-000001,PER-000001,ROL-000004,2026-10,24,0,24,0,0,0,24,1,24,0,0,24,,,fully_ramped_default,forecast,hours,,0.1.0
SUP-000013,SCN-000001,PER-000001,ROL-000004,2026-11,24,0,24,0,0,0,24,1,24,0,0,24,,,fully_ramped_default,forecast,hours,,0.1.0
SUP-000014,SCN-000001,PER-000001,ROL-000004,2026-12,24,0,24,0,0,0,24,1,24,0,0,24,,,fully_ramped_default,forecast,hours,,0.1.0
SUP-000015,SCN-000001,PER-000001,ROL-000004,2027-01,24,0,24,0,0,0,24,1,24,0,0,24,,,fully_ramped_default,forecast,hours,,0.1.0
SUP-000016,SCN-000001,PER-000001,ROL-000004,2027-02,24,0,24,0,0,0,24,1,24,0,0,24,,,fully_ramped_default,forecast,hours,,0.1.0
SUP-000017,SCN-000001,PER-000001,ROL-000004,2027-03,24,0,24,0,0,0,24,1,24,0,0,24,,,fully_ramped_default,forecast,hours,,0.1.0
SUP-000018,SCN-000001,PER-000001,ROL-000004,2027-04,24,0,24,0,0,0,24,1,24,0,0,24,,,fully_ramped_default,forecast,hours,,0.1.0
SUP-000019,SCN-000001,PER-000001,ROL-000004,2027-05,24,0,24,0,0,0,24,1,24,0,0,24,,,fully_ramped_default,forecast,hours,,0.1.0
SUP-000020,SCN-000001,PER-000001,ROL-000004,2027-06,24,0,24,0,0,0,24,1,24,0,0,24,,,fully_ramped_default,forecast,hours,,0.1.0
SUP-000021,SCN-000001,PER-000001,ROL-000005,2026-09,16,0,16,0,0,0,16,1,16,0,0,16,,,fully_ramped_default,forecast,hours,,0.1.0
SUP-000022,SCN-000001,PER-000001,ROL-000005,2026-10,16,0,16,0,0,0,16,1,16,0,0,16,,,fully_ramped_default,forecast,hours,,0.1.0
SUP-000023,SCN-000001,PER-000001,ROL-000005,2026-11,16,0,16,0,0,0,16,1,16,0,0,16,,,fully_ramped_default,forecast,hours,,0.1.0
SUP-000024,SCN-000001,PER-000001,ROL-000005,2026-12,16,0,16,0,0,0,16,1,16,0,0,16,,,fully_ramped_default,forecast,hours,,0.1.0
SUP-000025,SCN-000001,PER-000001,ROL-000005,2027-01,16,0,16,0,0,0,16,1,16,0,0,16,,,fully_ramped_default,forecast,hours,,0.1.0
SUP-000026,SCN-000001,PER-000001,ROL-000005,2027-02,16,0,16,0,0,0,16,1,16,0,0,16,,,fully_ramped_default,forecast,hours,,0.1.0
SUP-000027,SCN-000001,PER-000001,ROL-000005,2027-03,16,0,16,0,0,0,16,1,16,0,0,16,,,fully_ramped_default,forecast,hours,,0.1.0
SUP-000028,SCN-000001,PER-000001,ROL-000005,2027-04,16,0,16,0,0,0,16,1,16,0,0,16,,,fully_ramped_default,forecast,hours,,0.1.0
SUP-000029,SCN-000001,PER-000001,ROL-000005,2027-05,16,0,16,0,0,0,16,1,16,0,0,16,,,fully_ramped_default,forecast,hours,,0.1.0
SUP-000030,SCN-000001,PER-000001,ROL-000005,2027-06,16,0,16,0,0,0,16,1,16,0,0,16,,,fully_ramped_default,forecast,hours,,0.1.0
SUP-000031,SCN-000001,PER-000001,ROL-000006,2026-09,8,0,8,0,0,0,8,1,8,0,0,8,,,fully_ramped_default,forecast,hours,,0.1.0
SUP-000032,SCN-000001,PER-000001,ROL-000006,2026-10,8,0,8,0,0,0,8,1,8,0,0,8,,,fully_ramped_default,forecast,hours,,0.1.0
SUP-000033,SCN-000001,PER-000001,ROL-000006,2026-11,8,0,8,0,0,0,8,1,8,0,0,8,,,fully_ramped_default,forecast,hours,,0.1.0
SUP-000034,SCN-000001,PER-000001,ROL-000006,2026-12,8,0,8,0,0,0,8,1,8,0,0,8,,,fully_ramped_default,forecast,hours,,0.1.0
SUP-000035,SCN-000001,PER-000001,ROL-000006,2027-01,8,0,8,0,0,0,8,1,8,0,0,8,,,fully_ramped_default,forecast,hours,,0.1.0
SUP-000036,SCN-000001,PER-000001,ROL-000006,2027-02,8,0,8,0,0,0,8,1,8,0,0,8,,,fully_ramped_default,forecast,hours,,0.1.0
SUP-000037,SCN-000001,PER-000001,ROL-000006,2027-03,8,0,8,0,0,0,8,1,8,0,0,8,,,fully_ramped_default,forecast,hours,,0.1.0
SUP-000038,SCN-000001,PER-000001,ROL-000006,2027-04,8,0,8,0,0,0,8,1,8,0,0,8,,,fully_ramped_default,forecast,hours,,0.1.0
SUP-000039,SCN-000001,PER-000001,ROL-000006,2027-05,8,0,8,0,0,0,8,1,8,0,0,8,,,fully_ramped_default,forecast,hours,,0.1.0
SUP-000040,SCN-000001,PER-000001,ROL-000006,2027-06,8,0,8,0,0,0,8,1,8,0,0,8,,,fully_ramped_default,forecast,hours,,0.1.0
SUP-000041,SCN-000002,PER-000002,ROL-000001,2026-09,160,0,160,24,0,0,136,1,136,0,0,136,,,fully_ramped_default,forecast,hours,,0.1.0
SUP-000042,SCN-000002,PER-000002,ROL-000001,2026-10,160,0,160,24,0,0,136,1,136,0,0,136,,,fully_ramped_default,forecast,hours,,0.1.0
SUP-000043,SCN-000002,PER-000002,ROL-000001,2026-11,160,0,160,24,0,0,136,1,136,0,0,136,,,fully_ramped_default,forecast,hours,,0.1.0
SUP-000044,SCN-000002,PER-000002,ROL-000001,2026-12,160,0,160,24,0,0,136,1,136,0,0,136,,,fully_ramped_default,forecast,hours,,0.1.0
SUP-000045,SCN-000002,PER-000002,ROL-000001,2027-01,160,0,160,24,0,0,136,1,136,0,0,136,,,fully_ramped_default,forecast,hours,,0.1.0
SUP-000046,SCN-000002,PER-000002,ROL-000001,2027-02,160,0,160,24,0,0,136,1,136,0,0,136,,,fully_ramped_default,forecast,hours,,0.1.0
SUP-000047,SCN-000002,PER-000002,ROL-000001,2027-03,160,0,160,24,0,0,136,1,136,0,0,136,,,fully_ramped_default,forecast,hours,,0.1.0
SUP-000048,SCN-000002,PER-000002,ROL-000001,2027-04,160,0,160,24,0,0,136,1,136,0,0,136,,,fully_ramped_default,forecast,hours,,0.1.0
SUP-000049,SCN-000002,PER-000002,ROL-000001,2027-05,160,0,160,24,0,0,136,1,136,0,0,136,,,fully_ramped_default,forecast,hours,,0.1.0
SUP-000050,SCN-000002,PER-000002,ROL-000001,2027-06,160,0,160,24,0,0,136,1,136,0,0,136,,,fully_ramped_default,forecast,hours,,0.1.0
SUP-000051,SCN-000002,PER-000006,ROL-000004,2026-09,160,0,160,16,0,0,144,1,144,0,0,144,,,fully_ramped_default,forecast,hours,,0.1.0
SUP-000052,SCN-000002,PER-000006,ROL-000004,2026-10,160,0,160,16,0,0,144,1,144,0,0,144,,,fully_ramped_default,forecast,hours,,0.1.0
SUP-000053,SCN-000002,PER-000006,ROL-000004,2026-11,160,0,160,16,0,0,144,1,144,0,24,120,,PER-000007,fully_ramped_default,forecast,hours,,0.1.0
SUP-000054,SCN-000002,PER-000006,ROL-000004,2026-12,160,0,160,16,0,0,144,1,144,0,16,128,,PER-000007,fully_ramped_default,forecast,hours,,0.1.0
SUP-000055,SCN-000002,PER-000006,ROL-000004,2027-01,160,0,160,16,0,0,144,1,144,0,8,136,,PER-000007,fully_ramped_default,forecast,hours,,0.1.0
SUP-000056,SCN-000002,PER-000006,ROL-000004,2027-02,160,0,160,16,0,0,144,1,144,0,0,144,,,fully_ramped_default,forecast,hours,,0.1.0
SUP-000057,SCN-000002,PER-000006,ROL-000004,2027-03,160,0,160,16,0,0,144,1,144,0,0,144,,,fully_ramped_default,forecast,hours,,0.1.0
SUP-000058,SCN-000002,PER-000006,ROL-000004,2027-04,160,0,160,16,0,0,144,1,144,0,0,144,,,fully_ramped_default,forecast,hours,,0.1.0
SUP-000059,SCN-000002,PER-000006,ROL-000004,2027-05,160,0,160,16,0,0,144,1,144,0,0,144,,,fully_ramped_default,forecast,hours,,0.1.0
SUP-000060,SCN-000002,PER-000006,ROL-000004,2027-06,160,0,160,16,0,0,144,1,144,0,0,144,,,fully_ramped_default,forecast,hours,,0.1.0
SUP-000061,SCN-000002,PER-000007,ROL-000004,2026-11,160,80,80,8,32,0,40,0.25,10,30,0,10,PER-000006,,r4_interface_fixture,forecast,hours,joins mid-period; own onboarding learning,0.1.0
SUP-000062,SCN-000002,PER-000007,ROL-000004,2026-12,160,0,160,8,24,0,128,0.5,64,64,0,64,PER-000006,,r4_interface_fixture,forecast,hours,own onboarding learning,0.1.0
SUP-000063,SCN-000002,PER-000007,ROL-000004,2027-01,160,0,160,8,8,0,144,0.75,108,36,0,108,PER-000006,,r4_interface_fixture,forecast,hours,own onboarding learning,0.1.0
SUP-000064,SCN-000002,PER-000007,ROL-000004,2027-02,160,0,160,8,0,0,152,1,152,0,0,152,,,fully_ramped_default,forecast,hours,,0.1.0
SUP-000065,SCN-000002,PER-000007,ROL-000004,2027-03,160,0,160,8,0,0,152,1,152,0,0,152,,,fully_ramped_default,forecast,hours,,0.1.0
SUP-000066,SCN-000002,PER-000007,ROL-000004,2027-04,160,0,160,8,0,0,152,1,152,0,0,152,,,fully_ramped_default,forecast,hours,,0.1.0
SUP-000067,SCN-000002,PER-000007,ROL-000004,2027-05,160,0,160,8,0,0,152,1,152,0,0,152,,,fully_ramped_default,forecast,hours,,0.1.0
SUP-000068,SCN-000002,PER-000007,ROL-000004,2027-06,160,0,160,8,0,0,152,1,152,0,0,152,,,fully_ramped_default,forecast,hours,,0.1.0
SUP-000069,SCN-000003,PER-000003,ROL-000001,2026-09,160,0,160,32,0,0,128,1,128,0,0,128,,,fully_ramped_default,forecast,hours,,0.1.0
SUP-000070,SCN-000003,PER-000003,ROL-000001,2026-10,160,0,160,32,0,0,128,1,128,0,0,128,,,fully_ramped_default,forecast,hours,,0.1.0
SUP-000071,SCN-000003,PER-000003,ROL-000001,2026-11,160,0,160,32,0,0,128,1,128,0,0,128,,,fully_ramped_default,forecast,hours,,0.1.0
SUP-000072,SCN-000003,PER-000003,ROL-000001,2026-12,160,0,160,32,0,0,128,1,128,0,0,128,,,fully_ramped_default,forecast,hours,,0.1.0
SUP-000073,SCN-000003,PER-000003,ROL-000001,2027-01,160,0,160,32,0,0,128,1,128,0,0,128,,,fully_ramped_default,forecast,hours,,0.1.0
SUP-000074,SCN-000003,PER-000003,ROL-000001,2027-02,160,0,160,32,0,0,128,1,128,0,0,128,,,fully_ramped_default,forecast,hours,,0.1.0
SUP-000075,SCN-000003,PER-000003,ROL-000001,2027-03,160,0,160,32,0,0,128,1,128,0,0,128,,,fully_ramped_default,forecast,hours,,0.1.0
SUP-000076,SCN-000003,PER-000003,ROL-000001,2027-04,160,0,160,32,0,0,128,1,128,0,0,128,,,fully_ramped_default,forecast,hours,,0.1.0
SUP-000077,SCN-000003,PER-000003,ROL-000001,2027-05,160,0,160,32,0,0,128,1,128,0,0,128,,,fully_ramped_default,forecast,hours,,0.1.0
SUP-000078,SCN-000003,PER-000003,ROL-000001,2027-06,160,0,160,32,0,0,128,1,128,0,0,128,,,fully_ramped_default,forecast,hours,,0.1.0
SUP-000079,SCN-000003,PER-000005,ROL-000006,2026-09,160,0,160,40,0,0,120,1,120,0,0,120,,,fully_ramped_default,forecast,hours,,0.1.0
SUP-000080,SCN-000003,PER-000005,ROL-000006,2026-10,160,0,160,40,0,0,120,1,120,0,0,120,,,fully_ramped_default,forecast,hours,,0.1.0
SUP-000081,SCN-000003,PER-000005,ROL-000006,2026-11,160,0,160,40,0,0,120,1,120,0,0,120,,,fully_ramped_default,forecast,hours,,0.1.0
SUP-000082,SCN-000003,PER-000005,ROL-000006,2026-12,160,0,160,40,0,0,120,1,120,0,0,120,,,fully_ramped_default,forecast,hours,,0.1.0
SUP-000083,SCN-000003,PER-000005,ROL-000006,2027-01,160,0,160,40,0,0,120,1,120,0,0,120,,,fully_ramped_default,forecast,hours,,0.1.0
SUP-000084,SCN-000003,PER-000005,ROL-000006,2027-02,160,0,160,40,0,0,120,1,120,0,0,120,,,fully_ramped_default,forecast,hours,,0.1.0
SUP-000085,SCN-000003,PER-000005,ROL-000006,2027-03,160,0,160,40,0,0,120,1,120,0,0,120,,,fully_ramped_default,forecast,hours,,0.1.0
SUP-000086,SCN-000003,PER-000005,ROL-000006,2027-04,160,0,160,40,0,0,120,1,120,0,0,120,,,fully_ramped_default,forecast,hours,,0.1.0
SUP-000087,SCN-000003,PER-000005,ROL-000006,2027-05,160,0,160,40,0,0,120,1,120,0,0,120,,,fully_ramped_default,forecast,hours,,0.1.0
SUP-000088,SCN-000003,PER-000005,ROL-000006,2027-06,160,0,160,40,0,0,120,1,120,0,0,120,,,fully_ramped_default,forecast,hours,,0.1.0
SUP-000089,SCN-000003,PER-000008,ROL-000005,2026-09,160,0,160,24,0,0,136,1,136,0,0,136,,,fully_ramped_default,forecast,hours,,0.1.0
SUP-000090,SCN-000003,PER-000008,ROL-000005,2026-10,160,0,160,24,0,0,136,1,136,0,0,136,,,fully_ramped_default,forecast,hours,,0.1.0
SUP-000091,SCN-000003,PER-000008,ROL-000005,2026-11,160,0,160,24,0,0,136,1,136,0,0,136,,,fully_ramped_default,forecast,hours,,0.1.0
SUP-000092,SCN-000003,PER-000008,ROL-000005,2026-12,160,0,160,24,0,0,136,1,136,0,0,136,,,fully_ramped_default,forecast,hours,,0.1.0
SUP-000093,SCN-000003,PER-000008,ROL-000005,2027-01,160,0,160,24,0,0,136,1,136,0,0,136,,,fully_ramped_default,forecast,hours,,0.1.0
SUP-000094,SCN-000003,PER-000008,ROL-000005,2027-02,160,0,160,24,0,0,136,1,136,0,0,136,,,fully_ramped_default,forecast,hours,,0.1.0
SUP-000095,SCN-000003,PER-000008,ROL-000005,2027-03,160,0,160,24,0,0,136,1,136,0,0,136,,,fully_ramped_default,forecast,hours,,0.1.0
SUP-000096,SCN-000003,PER-000008,ROL-000005,2027-04,160,0,160,24,0,0,136,1,136,0,0,136,,,fully_ramped_default,forecast,hours,,0.1.0
SUP-000097,SCN-000003,PER-000008,ROL-000005,2027-05,160,0,160,24,0,0,136,1,136,0,0,136,,,fully_ramped_default,forecast,hours,,0.1.0
SUP-000098,SCN-000003,PER-000008,ROL-000005,2027-06,160,0,160,24,0,0,136,1,136,0,0,136,,,fully_ramped_default,forecast,hours,,0.1.0
SUP-000099,SCN-000003,PER-000009,ROL-000004,2026-09,160,0,160,16,0,0,144,1,144,0,0,144,,,fully_ramped_default,forecast,hours,,0.1.0
SUP-000100,SCN-000003,PER-000009,ROL-000004,2026-10,160,0,160,16,0,0,144,1,144,0,0,144,,,fully_ramped_default,forecast,hours,,0.1.0
SUP-000101,SCN-000003,PER-000009,ROL-000004,2026-11,160,0,160,16,0,0,144,1,144,0,0,144,,,fully_ramped_default,forecast,hours,,0.1.0
SUP-000102,SCN-000003,PER-000009,ROL-000004,2026-12,160,0,160,16,0,0,144,1,144,0,0,144,,,fully_ramped_default,forecast,hours,,0.1.0
SUP-000103,SCN-000003,PER-000009,ROL-000004,2027-01,160,0,160,16,0,0,144,1,144,0,0,144,,,fully_ramped_default,forecast,hours,,0.1.0
SUP-000104,SCN-000003,PER-000009,ROL-000004,2027-02,160,0,160,16,0,0,144,1,144,0,0,144,,,fully_ramped_default,forecast,hours,,0.1.0
SUP-000105,SCN-000003,PER-000009,ROL-000004,2027-03,160,0,160,16,0,0,144,1,144,0,0,144,,,fully_ramped_default,forecast,hours,,0.1.0
SUP-000106,SCN-000003,PER-000009,ROL-000004,2027-04,160,0,160,16,0,0,144,1,144,0,0,144,,,fully_ramped_default,forecast,hours,,0.1.0
SUP-000107,SCN-000003,PER-000009,ROL-000004,2027-05,160,0,160,16,0,0,144,1,144,0,0,144,,,fully_ramped_default,forecast,hours,,0.1.0
SUP-000108,SCN-000003,PER-000009,ROL-000004,2027-06,160,0,160,16,0,0,144,1,144,0,0,144,,,fully_ramped_default,forecast,hours,,0.1.0
SUP-000109,SCN-000004,PER-000010,ROL-000001,2026-09,160,0,160,24,0,0,136,1,136,0,0,136,,,fully_ramped_default,forecast,hours,,0.1.0
SUP-000110,SCN-000004,PER-000010,ROL-000001,2026-10,160,0,160,24,0,0,136,1,136,0,0,136,,,fully_ramped_default,forecast,hours,,0.1.0
SUP-000111,SCN-000004,PER-000010,ROL-000001,2026-11,160,0,160,24,0,0,136,1,136,0,0,136,,,fully_ramped_default,forecast,hours,,0.1.0
SUP-000112,SCN-000004,PER-000010,ROL-000001,2026-12,160,0,160,24,0,0,136,1,136,0,0,136,,,fully_ramped_default,forecast,hours,,0.1.0
SUP-000113,SCN-000004,PER-000010,ROL-000001,2027-01,160,0,160,24,0,0,136,1,136,0,0,136,,,fully_ramped_default,forecast,hours,,0.1.0
SUP-000114,SCN-000004,PER-000010,ROL-000001,2027-02,160,0,160,24,0,0,136,1,136,0,0,136,,,fully_ramped_default,forecast,hours,,0.1.0
SUP-000115,SCN-000004,PER-000010,ROL-000001,2027-03,160,0,160,24,0,0,136,1,136,0,0,136,,,fully_ramped_default,forecast,hours,,0.1.0
SUP-000116,SCN-000004,PER-000010,ROL-000001,2027-04,160,0,160,24,0,0,136,1,136,0,0,136,,,fully_ramped_default,forecast,hours,,0.1.0
SUP-000117,SCN-000004,PER-000010,ROL-000001,2027-05,160,0,160,24,0,0,136,1,136,0,0,136,,,fully_ramped_default,forecast,hours,,0.1.0
SUP-000118,SCN-000004,PER-000010,ROL-000001,2027-06,160,0,160,24,0,0,136,1,136,0,0,136,,,fully_ramped_default,forecast,hours,,0.1.0
SUP-000119,SCN-000004,PER-000011,ROL-000001,2026-09,160,0,160,24,0,0,136,1,136,0,0,136,,,fully_ramped_default,forecast,hours,,0.1.0
SUP-000120,SCN-000004,PER-000011,ROL-000001,2026-10,160,0,160,24,0,0,136,1,136,0,0,136,,,fully_ramped_default,forecast,hours,,0.1.0
SUP-000121,SCN-000004,PER-000011,ROL-000001,2026-11,160,0,160,24,0,0,136,1,136,0,0,136,,,fully_ramped_default,forecast,hours,,0.1.0
SUP-000122,SCN-000004,PER-000011,ROL-000001,2026-12,160,0,160,24,0,0,136,1,136,0,0,136,,,fully_ramped_default,forecast,hours,,0.1.0
SUP-000123,SCN-000004,PER-000011,ROL-000001,2027-01,160,0,160,24,0,0,136,1,136,0,0,136,,,fully_ramped_default,forecast,hours,,0.1.0
SUP-000124,SCN-000004,PER-000011,ROL-000001,2027-02,160,0,160,24,0,0,136,1,136,0,0,136,,,fully_ramped_default,forecast,hours,,0.1.0
SUP-000125,SCN-000004,PER-000011,ROL-000001,2027-03,160,0,160,24,0,0,136,1,136,0,0,136,,,fully_ramped_default,forecast,hours,,0.1.0
SUP-000126,SCN-000004,PER-000011,ROL-000001,2027-04,160,0,160,24,0,0,136,1,136,0,0,136,,,fully_ramped_default,forecast,hours,,0.1.0
SUP-000127,SCN-000004,PER-000011,ROL-000001,2027-05,160,0,160,24,0,0,136,1,136,0,0,136,,,fully_ramped_default,forecast,hours,,0.1.0
SUP-000128,SCN-000004,PER-000011,ROL-000001,2027-06,160,0,160,24,0,0,136,1,136,0,0,136,,,fully_ramped_default,forecast,hours,,0.1.0
SUP-000129,SCN-000004,PER-000012,ROL-000004,2026-09,160,0,160,16,0,0,144,1,144,0,0,144,,,fully_ramped_default,forecast,hours,,0.1.0
SUP-000130,SCN-000004,PER-000012,ROL-000004,2026-10,160,0,160,16,0,0,144,1,144,0,0,144,,,fully_ramped_default,forecast,hours,,0.1.0
SUP-000131,SCN-000004,PER-000012,ROL-000004,2026-11,160,0,160,16,0,0,144,1,144,0,0,144,,,fully_ramped_default,forecast,hours,,0.1.0
SUP-000132,SCN-000004,PER-000012,ROL-000004,2026-12,160,0,160,16,0,0,144,1,144,0,0,144,,,fully_ramped_default,forecast,hours,,0.1.0
SUP-000133,SCN-000004,PER-000012,ROL-000004,2027-01,160,0,160,16,0,0,144,1,144,0,0,144,,,fully_ramped_default,forecast,hours,,0.1.0
SUP-000134,SCN-000004,PER-000012,ROL-000004,2027-02,160,0,160,16,0,0,144,1,144,0,0,144,,,fully_ramped_default,forecast,hours,,0.1.0
SUP-000135,SCN-000004,PER-000012,ROL-000004,2027-03,160,0,160,16,0,0,144,1,144,0,0,144,,,fully_ramped_default,forecast,hours,,0.1.0
SUP-000136,SCN-000004,PER-000012,ROL-000004,2027-04,160,0,160,16,0,0,144,1,144,0,0,144,,,fully_ramped_default,forecast,hours,,0.1.0
SUP-000137,SCN-000004,PER-000012,ROL-000004,2027-05,160,0,160,16,0,0,144,1,144,0,0,144,,,fully_ramped_default,forecast,hours,,0.1.0
SUP-000138,SCN-000004,PER-000012,ROL-000004,2027-06,160,0,160,16,0,0,144,1,144,0,0,144,,,fully_ramped_default,forecast,hours,,0.1.0
SUP-000139,SCN-000004,PER-000013,ROL-000005,2026-09,160,0,160,16,0,0,144,1,144,0,0,144,,,fully_ramped_default,forecast,hours,,0.1.0
SUP-000140,SCN-000004,PER-000013,ROL-000005,2026-10,160,0,160,16,0,0,144,1,144,0,0,144,,,fully_ramped_default,forecast,hours,,0.1.0
SUP-000141,SCN-000004,PER-000013,ROL-000005,2026-11,160,0,160,16,0,0,144,1,144,0,0,144,,,fully_ramped_default,forecast,hours,,0.1.0
SUP-000142,SCN-000004,PER-000013,ROL-000005,2026-12,160,0,160,16,0,0,144,1,144,0,0,144,,,fully_ramped_default,forecast,hours,,0.1.0
SUP-000143,SCN-000004,PER-000013,ROL-000005,2027-01,160,0,160,16,0,0,144,1,144,0,0,144,,,fully_ramped_default,forecast,hours,,0.1.0
SUP-000144,SCN-000004,PER-000013,ROL-000005,2027-02,160,160,0,0,0,0,0,1,0,0,0,0,,,fully_ramped_default,forecast,hours,planned leave for the whole period; no recurring internal work while on leave,0.1.0
SUP-000145,SCN-000004,PER-000013,ROL-000005,2027-03,160,0,160,16,0,0,144,1,144,0,0,144,,,fully_ramped_default,forecast,hours,,0.1.0
SUP-000146,SCN-000004,PER-000013,ROL-000005,2027-04,160,0,160,16,0,0,144,1,144,0,0,144,,,fully_ramped_default,forecast,hours,,0.1.0
SUP-000147,SCN-000004,PER-000013,ROL-000005,2027-05,160,0,160,16,0,0,144,1,144,0,0,144,,,fully_ramped_default,forecast,hours,,0.1.0
SUP-000148,SCN-000004,PER-000013,ROL-000005,2027-06,160,0,160,16,0,0,144,1,144,0,0,144,,,fully_ramped_default,forecast,hours,,0.1.0
SUP-000149,SCN-000004,PER-000014,ROL-000006,2026-09,160,0,160,32,0,0,128,1,128,0,0,128,,,fully_ramped_default,forecast,hours,,0.1.0
SUP-000150,SCN-000004,PER-000014,ROL-000006,2026-10,160,0,160,32,0,0,128,1,128,0,0,128,,,fully_ramped_default,forecast,hours,,0.1.0
SUP-000151,SCN-000004,PER-000014,ROL-000006,2026-11,160,0,160,32,0,0,128,1,128,0,0,128,,,fully_ramped_default,forecast,hours,,0.1.0
SUP-000152,SCN-000004,PER-000014,ROL-000006,2026-12,160,0,160,32,0,0,128,1,128,0,0,128,,,fully_ramped_default,forecast,hours,,0.1.0
SUP-000153,SCN-000004,PER-000014,ROL-000006,2027-01,160,0,160,32,0,0,128,1,128,0,0,128,,,fully_ramped_default,forecast,hours,,0.1.0
SUP-000154,SCN-000004,PER-000014,ROL-000006,2027-02,160,0,160,32,0,0,128,1,128,0,0,128,,,fully_ramped_default,forecast,hours,,0.1.0
SUP-000155,SCN-000004,PER-000014,ROL-000006,2027-03,160,0,160,32,0,0,128,1,128,0,0,128,,,fully_ramped_default,forecast,hours,,0.1.0
SUP-000156,SCN-000004,PER-000014,ROL-000006,2027-04,160,0,160,32,0,0,128,1,128,0,0,128,,,fully_ramped_default,forecast,hours,,0.1.0
SUP-000157,SCN-000004,PER-000014,ROL-000006,2027-05,160,0,160,32,0,0,128,1,128,0,0,128,,,fully_ramped_default,forecast,hours,,0.1.0
SUP-000158,SCN-000004,PER-000014,ROL-000006,2027-06,160,0,160,32,0,0,128,1,128,0,0,128,,,fully_ramped_default,forecast,hours,,0.1.0
SUP-000159,SCN-000004,PER-000015,ROL-000004,2026-09,160,0,160,16,0,0,144,1,144,0,0,144,,,fully_ramped_default,forecast,hours,,0.1.0
SUP-000160,SCN-000004,PER-000015,ROL-000004,2026-10,160,0,160,16,0,0,144,1,144,0,0,144,,,fully_ramped_default,forecast,hours,,0.1.0
SUP-000161,SCN-000004,PER-000015,ROL-000004,2026-11,160,0,160,16,0,0,144,1,144,0,0,144,,,fully_ramped_default,forecast,hours,,0.1.0
SUP-000162,SCN-000004,PER-000015,ROL-000004,2026-12,160,0,160,16,0,0,144,1,144,0,0,144,,,fully_ramped_default,forecast,hours,,0.1.0
SUP-000163,SCN-000004,PER-000015,ROL-000004,2027-01,160,0,160,16,0,0,144,1,144,0,0,144,,,fully_ramped_default,forecast,hours,,0.1.0
SUP-000164,SCN-000004,PER-000015,ROL-000004,2027-02,160,0,160,16,0,0,144,1,144,0,0,144,,,fully_ramped_default,forecast,hours,,0.1.0
SUP-000165,SCN-000004,PER-000015,ROL-000004,2027-03,160,0,160,16,0,0,144,1,144,0,0,144,,,fully_ramped_default,forecast,hours,,0.1.0
SUP-000166,SCN-000004,PER-000015,ROL-000004,2027-04,160,0,160,16,0,0,144,1,144,0,0,144,,,fully_ramped_default,forecast,hours,,0.1.0
SUP-000167,SCN-000004,PER-000015,ROL-000004,2027-05,160,0,160,16,0,0,144,1,144,0,0,144,,,fully_ramped_default,forecast,hours,,0.1.0
SUP-000168,SCN-000004,PER-000015,ROL-000004,2027-06,160,0,160,16,0,0,144,1,144,0,0,144,,,fully_ramped_default,forecast,hours,,0.1.0
SUP-000169,SCN-000004,PER-000016,ROL-000004,2026-09,160,0,160,16,0,0,144,1,144,0,0,144,,,fully_ramped_default,forecast,hours,,0.1.0
SUP-000170,SCN-000004,PER-000016,ROL-000004,2026-10,160,0,160,16,0,0,144,1,144,0,0,144,,,fully_ramped_default,forecast,hours,,0.1.0
SUP-000171,SCN-000004,PER-000016,ROL-000004,2026-11,160,0,160,16,0,0,144,1,144,0,0,144,,,fully_ramped_default,forecast,hours,,0.1.0
SUP-000172,SCN-000004,PER-000016,ROL-000004,2026-12,160,0,160,16,0,0,144,1,144,0,0,144,,,fully_ramped_default,forecast,hours,,0.1.0
SUP-000173,SCN-000004,PER-000016,ROL-000004,2027-01,160,0,160,16,0,0,144,1,144,0,0,144,,,fully_ramped_default,forecast,hours,,0.1.0
SUP-000174,SCN-000004,PER-000016,ROL-000004,2027-02,160,0,160,16,0,0,144,1,144,0,0,144,,,fully_ramped_default,forecast,hours,,0.1.0
SUP-000175,SCN-000004,PER-000016,ROL-000004,2027-03,160,0,160,16,0,0,144,1,144,0,0,144,,,fully_ramped_default,forecast,hours,,0.1.0
SUP-000176,SCN-000004,PER-000016,ROL-000004,2027-04,160,0,160,16,0,0,144,1,144,0,0,144,,,fully_ramped_default,forecast,hours,,0.1.0
SUP-000177,SCN-000004,PER-000016,ROL-000004,2027-05,160,0,160,16,0,0,144,1,144,0,0,144,,,fully_ramped_default,forecast,hours,,0.1.0
SUP-000178,SCN-000004,PER-000016,ROL-000004,2027-06,160,0,160,16,0,0,144,1,144,0,0,144,,,fully_ramped_default,forecast,hours,,0.1.0
